SalePrice,MSSubClass,LotArea,OverallQual,OverallCond,YearBuilt,YearRemodAdd,BsmtFinSF2,BsmtUnfSF,TotalBsmtSF,1stFlrSF,2ndFlrSF,BedroomAbvGr,KitchenAbvGr,TotRmsAbvGrd,Fireplaces,GarageCars,GarageArea
208500,60,8450,7,5,2003,2003,0,150,856,856,854,3,1,8,0,2,548
181500,20,9600,6,8,1976,1976,0,284,1262,1262,0,3,1,6,1,2,460
223500,60,11250,7,5,2001,2002,0,434,920,920,866,3,1,6,1,2,608
140000,70,9550,7,5,1915,1970,0,540,756,961,756,3,1,7,1,3,642
250000,60,14260,8,5,2000,2000,0,490,1145,1145,1053,4,1,9,1,3,836
143000,50,14115,5,5,1993,1995,0,64,796,796,566,1,1,5,0,2,480
307000,20,10084,8,5,2004,2005,0,317,1686,1694,0,3,1,7,1,2,636
200000,60,10382,7,6,1973,1973,32,216,1107,1107,983,3,1,7,2,2,484
129900,50,6120,7,5,1931,1950,0,952,952,1022,752,2,2,8,2,2,468
118000,190,7420,5,6,1939,1950,0,140,991,1077,0,2,2,5,2,1,205
129500,20,11200,5,5,1965,1965,0,134,1040,1040,0,3,1,5,0,1,384
345000,60,11924,9,5,2005,2006,0,177,1175,1182,1142,4,1,11,2,3,736
144000,20,12968,5,6,1962,1962,0,175,912,912,0,2,1,4,0,1,352
279500,20,10652,7,5,2006,2007,0,1494,1494,1494,0,3,1,7,1,3,840
157000,20,10920,6,5,1960,1960,0,520,1253,1253,0,2,1,5,1,1,352
132000,45,6120,7,8,1929,2001,0,832,832,854,0,2,1,5,0,2,576
149000,20,11241,6,7,1970,1970,0,426,1004,1004,0,2,1,5,1,2,480
90000,90,10791,4,5,1967,1967,0,0,0,1296,0,2,2,6,0,2,516
159000,20,13695,5,5,2004,2004,0,468,1114,1114,0,3,1,6,0,2,576
139000,20,7560,5,6,1958,1965,0,525,1029,1339,0,3,1,6,0,1,294
325300,60,14215,8,5,2005,2006,0,1158,1158,1158,1218,4,1,9,1,3,853
139400,45,7449,7,7,1930,1950,0,637,637,1108,0,3,1,6,1,1,280
230000,20,9742,8,5,2002,2002,0,1777,1777,1795,0,3,1,7,1,2,534
129900,120,4224,5,7,1976,1976,0,200,1040,1060,0,3,1,6,1,2,572
154000,20,8246,5,8,1968,2001,668,204,1060,1060,0,3,1,6,1,1,270
256300,20,14230,8,5,2007,2007,0,1566,1566,1600,0,3,1,7,1,3,890
134800,20,7200,5,7,1951,2000,486,180,900,900,0,3,1,5,0,2,576
306000,20,11478,8,5,2007,2008,0,486,1704,1704,0,3,1,7,1,3,772
207500,20,16321,5,6,1957,1997,0,207,1484,1600,0,2,1,6,2,1,319
68500,30,6324,4,6,1927,1950,0,520,520,520,0,1,1,4,0,1,240
40000,70,8500,4,4,1920,1950,0,649,649,649,668,3,1,6,0,1,250
149350,20,8544,5,6,1966,2006,0,1228,1228,1228,0,3,1,6,0,1,271
179900,20,11049,8,5,2007,2007,0,1234,1234,1234,0,3,1,7,0,2,484
165500,20,10552,5,5,1959,1959,0,380,1398,1700,0,4,1,6,1,2,447
277500,120,7313,9,5,2005,2005,0,408,1561,1561,0,2,1,6,1,2,556
309000,60,13418,8,5,2004,2005,0,1117,1117,1132,1320,4,1,9,1,3,691
145000,20,10859,5,5,1994,1995,0,1097,1097,1097,0,3,1,6,0,2,672
153000,20,8532,5,6,1954,1990,0,84,1297,1297,0,3,1,5,1,2,498
109000,20,7922,5,7,1953,2007,0,326,1057,1057,0,3,1,5,0,1,246
82000,90,6040,4,5,1955,1955,0,0,0,1152,0,2,2,6,0,0,0
160000,20,8658,6,5,1965,1965,0,445,1088,1324,0,3,1,6,1,2,440
170000,20,16905,5,6,1959,1959,0,383,1350,1328,0,2,1,5,2,1,308
144000,85,9180,5,7,1983,1983,93,0,840,884,0,2,1,5,0,2,504
130250,20,9200,5,6,1975,1980,491,167,938,938,0,3,1,5,0,1,308
141000,20,7945,5,6,1959,1959,506,465,1150,1150,0,3,1,6,0,1,300
319900,120,7658,9,5,2005,2005,0,1296,1752,1752,0,2,1,6,1,2,576
239686,50,12822,7,5,2003,2003,0,83,1434,1518,631,1,1,6,1,2,670
249700,20,11096,8,5,2006,2006,0,1632,1656,1656,0,3,1,7,0,3,826
113000,190,4456,4,5,1920,2008,0,736,736,736,716,2,3,8,0,0,0
127000,20,7742,5,7,1966,1966,0,192,955,955,0,3,1,6,0,1,386
177000,60,13869,6,6,1997,1997,0,612,794,794,676,3,1,6,0,2,388
114500,50,6240,6,6,1934,1950,0,816,816,816,0,3,1,6,1,2,528
110000,90,8472,5,5,1963,1963,712,0,816,816,0,2,1,5,0,2,516
385000,20,50271,9,5,1981,1987,0,32,1842,1842,0,0,1,5,1,3,894
130000,80,7134,5,5,1955,1955,0,0,384,1360,0,3,1,6,1,2,572
180500,20,10175,6,5,1964,1964,0,935,1425,1425,0,3,1,7,1,2,576
172500,160,2645,8,5,1999,2000,0,321,970,983,756,3,1,7,0,2,480
196500,60,11645,7,5,2004,2004,0,860,860,860,860,3,1,7,0,2,565
438780,60,13682,10,5,2006,2006,0,1410,1410,1426,1519,3,1,10,1,3,641
124900,20,7200,5,7,1972,1972,0,148,780,780,0,2,1,4,0,1,352
158000,20,13072,6,5,2004,2004,0,217,1158,1158,0,3,1,5,0,2,576
101000,75,7200,5,7,1920,1996,0,530,530,581,530,3,1,6,0,1,288
202500,120,6442,8,5,2006,2006,0,1346,1370,1370,0,2,1,6,1,2,484
140000,70,10300,7,6,1921,1950,0,576,576,902,808,3,1,9,0,2,480
219500,60,9375,7,5,1997,1998,0,318,1057,1057,977,3,1,8,0,2,645
317000,60,9591,8,5,2004,2005,0,1143,1143,1143,1330,4,1,9,1,3,852
180000,20,19900,7,5,1970,1989,0,1035,1947,2207,0,3,1,7,1,2,576
226000,20,10665,7,5,2003,2003,0,440,1453,1479,0,3,1,7,0,2,558
80000,30,4608,4,6,1945,1950,0,747,747,747,0,2,1,4,0,1,220
225000,50,15593,7,4,1953,1953,0,701,1304,1304,983,3,1,7,1,2,667
244000,20,13651,7,6,1973,1973,0,343,2223,2223,0,3,1,8,2,2,516
129500,20,7599,4,6,1982,2006,0,280,845,845,0,2,1,4,0,2,360
185000,60,10141,7,5,1998,1998,0,832,832,885,833,3,1,7,1,2,427
144900,20,10200,5,7,1954,2003,362,404,1086,1086,0,3,1,6,0,2,490
107400,50,5790,3,6,1915,1950,0,840,840,840,765,3,2,8,0,1,379
91000,180,1596,4,5,1973,1973,0,0,462,526,462,2,1,5,0,1,297
135750,20,8475,4,7,1956,1956,0,724,952,952,0,2,1,4,0,1,283
127000,50,8635,5,5,1948,2001,41,295,672,1072,213,2,1,6,0,1,240
136500,90,10778,4,5,1968,1968,0,1768,1768,1768,0,4,2,8,0,0,0
110000,50,10440,5,6,1910,1981,0,440,440,682,548,2,1,5,0,2,440
193500,60,13000,6,6,1968,1968,0,448,896,1182,960,4,1,8,1,1,509
153500,120,4500,6,5,1998,1998,0,36,1237,1337,0,2,1,5,0,2,405
245000,20,10206,8,5,2007,2007,0,1530,1563,1563,0,3,1,6,1,3,758
126500,20,8892,5,5,1960,1960,0,1065,1065,1065,0,3,1,6,0,2,461
168500,80,8530,7,5,1995,1996,0,384,384,804,670,3,1,7,1,2,400
260000,60,16059,8,5,1991,1992,0,1288,1288,1301,1116,4,1,9,1,2,462
174000,60,11911,6,5,2005,2005,0,684,684,684,876,3,1,6,1,2,400
164500,160,3951,6,5,2009,2009,0,612,612,612,612,2,1,4,0,2,528
85000,50,8470,3,2,1915,1982,0,1013,1013,1013,0,2,1,6,0,0,0
123600,20,8070,4,5,1994,1995,0,402,990,990,0,3,1,5,0,0,0
109900,20,7200,4,5,1950,1950,0,0,0,1040,0,2,1,4,0,2,420
98600,20,8500,5,3,1961,1961,0,635,1235,1235,0,2,1,6,0,2,480
163500,30,13360,5,7,1921,2006,0,163,876,964,0,2,1,5,0,2,432
133900,190,7200,6,6,1910,1998,0,168,1214,1260,1031,4,2,9,1,2,506
204750,60,9337,6,5,1997,1997,0,176,824,905,881,3,1,7,0,2,684
185000,60,9765,6,8,1993,1993,0,370,680,680,790,3,1,6,1,2,420
214000,20,10264,7,5,1999,1999,0,426,1588,1588,0,3,1,6,0,2,472
94750,20,10921,4,5,1965,1965,0,440,960,960,0,3,1,6,0,1,432
83000,30,10625,5,5,1920,1950,0,350,458,835,0,2,1,5,0,1,366
128950,20,9320,4,5,1959,1959,0,381,950,1225,0,3,1,6,0,0,0
205000,20,10603,6,7,1977,2001,0,410,1610,1610,0,3,1,6,2,2,480
178000,60,9206,6,5,1985,1985,0,741,741,977,755,3,1,7,1,2,476
118964,90,7018,5,5,1979,1979,0,0,0,1535,0,4,2,8,0,2,410
198900,20,10402,7,5,2009,2009,0,1226,1226,1226,0,3,1,6,0,3,740
169500,50,7758,7,4,1931,1950,0,816,1040,1226,592,4,1,7,2,1,240
250000,60,9375,8,5,2003,2004,0,1053,1053,1053,939,3,1,9,1,2,648
100000,30,10800,4,7,1885,1995,0,641,641,1047,0,2,1,6,0,1,273
115000,20,6000,5,5,1948,1950,169,516,789,789,0,2,1,5,0,1,250
115000,50,8500,5,7,1919,2005,0,793,793,997,520,3,1,7,0,0,0
190000,20,11751,6,6,1977,1977,0,1139,1844,1844,0,3,1,7,1,2,546
136900,50,9525,6,4,1954,1972,0,550,994,1216,639,4,1,7,0,1,325
180000,80,7750,7,5,2000,2000,0,134,384,774,656,3,1,7,1,2,400
383970,60,9965,7,5,2007,2007,0,280,1264,1282,1414,4,1,10,1,3,792
217000,20,21000,6,5,1953,1953,869,905,1809,2259,0,3,1,7,2,2,450
259500,70,7259,6,8,1945,2002,150,104,1028,1436,884,3,1,9,1,1,180
176000,160,3230,6,5,1999,1999,0,310,729,729,729,2,1,5,1,2,440
139000,20,11616,5,5,1962,1962,670,252,1092,1092,0,3,1,6,1,1,288
155000,20,8536,5,5,2006,2007,0,1125,1125,1125,0,2,1,5,0,2,430
320000,60,12376,7,5,1990,1990,0,203,1673,1699,1523,5,1,11,2,3,594
163990,60,8461,6,5,2005,2006,0,728,728,728,728,3,1,8,1,2,390
180000,80,21453,6,5,1969,1969,0,0,938,988,0,1,1,4,2,2,540
100000,50,6060,4,5,1939,1950,0,732,732,772,351,3,1,4,0,1,264
136000,20,9464,6,7,1958,1958,0,510,1080,1080,0,3,1,5,0,1,288
153900,120,7892,6,5,1993,1993,0,899,1199,1199,0,2,1,5,0,2,530
181000,20,17043,6,5,1979,1998,0,1362,1362,1586,0,3,1,7,1,2,435
84500,190,6780,6,8,1935,1982,0,30,520,520,0,2,1,5,0,0,0
128000,120,4928,6,5,1976,1976,0,958,1078,958,0,2,1,5,1,2,440
87000,45,4388,5,7,1930,1950,0,556,672,840,0,3,1,5,1,0,0
155000,60,7590,6,5,1966,1966,0,148,660,660,688,3,1,6,1,2,453
150000,20,8973,5,7,1958,1991,28,413,1008,1053,0,3,1,6,0,2,750
226000,60,14200,7,6,1966,1966,0,479,924,1216,941,4,1,8,2,2,487
244000,60,12224,6,5,2000,2000,0,297,992,1022,1032,3,1,7,1,2,390
150750,20,7388,5,6,1959,2002,0,658,1063,1327,0,3,1,7,0,2,624
220000,20,6853,8,5,2001,2002,0,262,1267,1296,0,2,1,6,0,2,471
180000,20,10335,5,6,1968,1993,0,891,1461,1721,0,3,1,7,1,2,440
174000,20,10400,7,6,1970,1970,0,1304,1304,1682,0,3,1,7,1,2,530
143000,20,10355,5,5,1967,1967,0,519,1214,1214,0,3,1,5,1,1,318
171000,90,11070,7,5,1988,1989,0,1907,1907,1959,0,5,2,9,0,3,766
230000,60,9066,8,5,1999,2000,0,336,1004,1004,848,3,1,7,2,3,660
231500,60,15426,6,5,1997,1997,0,107,928,928,836,3,1,7,0,2,470
115000,20,10500,4,5,1971,1971,0,432,864,864,0,3,1,5,1,0,0
260000,20,11645,7,5,2005,2005,0,434,1734,1734,0,3,1,7,0,2,660
166000,50,8520,5,4,1952,1952,0,403,910,910,475,4,1,6,0,2,720
204000,20,10335,7,5,1999,1999,0,811,1490,1501,0,3,1,6,0,2,577
125000,90,9100,5,5,1963,1963,0,396,1728,1728,0,6,2,10,0,2,504
130000,160,2522,6,5,2004,2006,0,970,970,970,739,3,1,7,0,2,380
105000,30,6120,5,7,1931,1993,0,506,715,875,0,2,1,5,0,1,180
222500,60,9505,7,5,2001,2001,0,884,884,884,1151,3,1,8,1,2,434
141000,20,7500,7,5,2004,2005,0,400,1080,1080,0,3,1,6,0,0,0
115000,50,6240,5,4,1936,1950,0,896,896,896,448,3,1,7,0,1,240
122000,20,10356,5,6,1975,1975,0,253,969,969,0,3,1,5,0,2,440
372402,20,13891,8,5,2007,2008,0,310,1710,1710,0,2,1,6,1,3,866
190000,60,14803,6,5,1971,1971,0,409,825,1097,896,4,1,8,1,2,495
235000,20,13500,6,7,1960,1975,1080,93,1602,1252,0,1,1,4,1,2,564
125000,30,11340,6,5,1923,1950,0,1200,1200,1200,0,4,1,7,0,1,312
79000,50,9600,6,5,1924,1950,0,572,572,572,524,2,1,5,0,0,0
109500,20,7200,5,7,1950,1950,0,0,0,1040,0,2,1,5,0,2,625
269500,60,12003,8,5,2009,2010,0,774,774,774,1194,4,1,8,1,3,680
254900,60,12552,7,5,2004,2005,0,769,991,991,956,3,1,8,1,2,678
320000,60,19378,7,5,2005,2006,0,1335,1392,1392,1070,4,1,9,1,2,576
162500,20,11120,6,6,1984,1984,0,572,1232,1232,0,3,1,6,0,2,516
412500,60,13688,9,5,2003,2004,0,556,1572,1572,1096,3,1,10,2,3,726
220000,20,12182,7,5,2005,2005,0,340,1541,1541,0,3,1,7,1,2,532
103200,45,5500,4,6,1956,1956,0,882,882,882,0,1,1,4,0,0,0
152000,40,5400,6,7,1926,2004,0,779,1149,1149,467,3,1,5,0,1,216
127500,190,10106,5,7,1940,1999,181,112,644,808,547,4,2,6,0,0,0
190000,20,10708,5,5,1955,1993,768,470,1617,1867,0,2,1,7,3,1,303
325624,60,10562,8,5,2007,2007,0,294,1582,1610,551,3,1,8,1,3,789
183500,60,8244,7,5,2004,2004,0,840,840,840,880,3,1,7,1,2,440
228000,20,16669,8,6,1981,1981,0,1686,1686,1707,0,2,1,6,1,2,511
128500,50,12358,5,6,1941,1950,0,360,720,854,0,2,1,7,0,2,660
215000,20,31770,6,5,1960,1960,0,441,1080,1656,0,3,1,7,2,2,528
239000,160,5306,7,7,1987,1987,215,354,1064,1064,703,2,1,5,1,2,504
163000,20,10197,6,5,1961,1961,374,700,1362,1362,0,3,1,6,1,2,504
184000,20,12416,6,5,1986,1986,208,0,1606,1651,0,3,1,7,1,2,616
243000,20,12615,6,7,1950,2001,0,725,1202,2158,0,4,1,7,1,2,576
211000,60,10029,6,5,1988,1989,0,320,1151,1164,896,4,1,8,1,2,521
172500,50,13650,5,5,1958,1958,441,554,1052,1252,668,4,1,8,1,2,451
501837,20,17423,9,5,2008,2009,0,312,2216,2234,0,1,1,9,1,3,1166
100000,30,8520,5,6,1923,2006,0,968,968,968,0,2,1,5,0,2,480
177000,160,2117,6,5,2000,2000,0,320,756,769,756,3,1,5,1,2,440
200100,70,7588,7,6,1920,1950,0,441,793,901,901,4,1,9,1,1,216
120000,20,9060,5,6,1957,2006,0,0,0,1340,0,3,1,7,1,1,252
200000,50,11426,7,5,2003,2003,0,1362,1362,1362,720,3,1,6,0,2,484
127000,50,7438,5,8,1908,1991,0,504,504,936,316,3,1,5,0,2,576
475000,75,22950,10,9,1892,1993,0,1107,1107,1518,1518,4,1,12,2,3,840
173000,80,9947,7,5,1990,1991,0,577,1188,1217,0,3,1,6,0,2,497
135000,50,10410,5,7,1916,1987,0,660,660,808,704,3,1,8,0,1,180
153337,90,7018,5,5,1979,1979,0,0,1086,1224,0,2,2,6,2,2,528
286000,120,4923,8,5,2001,2002,0,440,1593,1593,0,0,1,5,1,2,682
315000,70,10570,8,8,1932,1994,0,556,853,1549,1178,3,1,10,2,2,440
184000,60,7472,7,9,1972,2004,0,99,725,725,754,4,1,7,0,2,484
192000,20,9017,7,5,1999,1999,0,871,1431,1431,0,3,1,6,0,2,666
130000,160,2522,7,5,2004,2004,0,970,970,970,739,3,1,7,0,2,380
127000,20,7180,5,7,1972,1972,0,474,864,864,0,3,1,5,0,1,352
148500,160,2280,6,6,1976,1976,0,289,855,855,601,3,1,7,1,2,440
311872,20,9416,7,5,2007,2007,0,600,1726,1726,0,3,1,8,1,3,786
235000,75,25419,8,4,1918,1990,184,140,1360,1360,1360,4,1,8,1,2,795
104000,75,5520,6,6,1912,1950,0,755,755,929,929,5,1,8,0,0,0
274900,20,9591,8,5,2004,2005,0,625,1713,1713,0,3,1,7,1,3,856
140000,20,8546,4,5,2003,2004,0,1121,1121,1121,0,2,1,5,0,2,440
171500,20,10125,6,6,1977,1977,279,276,1196,1279,0,3,1,6,2,2,473
112000,50,7000,6,6,1924,1950,0,0,617,865,445,2,1,6,0,1,398
149000,120,4438,6,5,2004,2004,0,186,848,848,0,1,1,3,1,2,420
110000,50,3500,5,7,1947,1950,0,408,720,720,564,2,1,5,0,1,240
180500,20,11851,7,5,1990,1990,0,1424,1424,1442,0,3,1,5,0,2,500
143900,20,13673,5,5,1962,1962,0,1140,1140,1696,0,3,1,8,1,1,349
141000,20,12493,4,5,1960,1960,306,375,1100,1100,0,3,1,6,1,1,312
277000,60,14364,7,5,1988,1989,0,92,1157,1180,882,3,1,7,1,2,454
145000,20,8250,6,7,1964,1964,0,305,1092,1092,0,3,1,6,0,2,504
98000,30,5604,5,6,1925,1950,0,396,864,864,0,2,1,5,0,0,0
186000,20,10420,6,5,2009,2009,0,1176,1212,1212,0,3,1,6,0,2,460
252678,60,8640,7,5,2009,2009,0,78,900,932,920,3,1,7,1,2,644
156000,20,13568,5,5,1995,1995,0,274,990,990,0,3,1,5,0,2,576
161750,60,10900,6,7,1977,1977,0,311,689,689,703,3,1,6,0,1,299
134450,20,10011,5,6,1957,1996,0,710,1070,1236,0,2,1,6,1,1,447
210000,20,8450,7,5,2004,2004,0,490,1436,1436,0,3,1,8,0,2,484
107000,70,9906,4,4,1925,1950,0,686,686,810,518,3,1,8,0,1,210
311500,50,15660,7,9,1939,2006,0,457,798,1137,817,3,1,8,2,2,431
167240,120,3010,7,5,2005,2006,0,1232,1248,1248,0,2,1,5,0,2,438
204900,20,8990,7,5,2006,2006,0,1498,1498,1498,0,2,1,5,0,2,675
200000,60,8068,6,5,2002,2002,0,1010,1010,1010,1257,4,1,8,1,2,390
179900,60,11475,6,6,1975,1975,0,163,713,811,741,3,1,6,1,2,434
97000,20,10500,4,6,1971,1971,180,160,864,864,0,2,1,4,0,2,576
386250,20,13472,10,5,2003,2003,0,2336,2392,2392,0,3,1,8,1,3,968
112000,160,1680,5,5,1971,1971,0,630,630,630,672,3,1,6,0,1,280
290000,60,9950,7,5,1995,1995,0,638,1203,1214,1306,4,1,9,1,3,721
106000,160,1869,6,6,1970,1970,0,162,483,483,504,2,1,5,0,1,280
125000,20,8521,5,5,1967,1967,0,70,912,912,0,3,1,5,1,1,336
192500,120,3182,7,5,2005,2006,0,1357,1373,1555,0,2,1,7,1,2,430
148000,20,8760,6,6,1959,1959,0,1194,1194,1194,0,3,1,6,0,1,312
403000,60,15138,8,5,1995,1996,0,773,1462,1490,1304,4,1,9,1,3,810
94500,160,1680,6,5,1972,1972,0,483,483,483,504,2,1,5,1,1,288
128200,20,10650,5,6,1976,1976,712,0,894,894,0,3,1,5,0,1,308
216500,60,7851,6,5,2002,2002,0,235,860,860,1100,4,1,8,2,2,440
89500,160,1680,6,3,1971,1971,0,125,483,483,504,2,1,5,0,1,264
185500,20,8773,7,5,2004,2004,0,1390,1414,1414,0,3,1,6,0,2,494
194500,60,9453,7,7,1993,2003,0,594,996,1014,730,3,1,7,0,2,457
318000,20,12030,8,5,2007,2007,0,1694,1694,1694,0,3,1,7,0,3,818
113000,50,8741,6,4,1945,1950,0,641,735,798,689,3,1,7,1,1,220
262500,20,9000,8,5,2008,2008,0,488,1566,1566,0,3,1,7,0,2,750
110500,30,3880,5,9,1945,1997,0,357,686,866,0,2,1,4,0,0,0
79000,50,5000,5,4,1900,1950,0,540,540,889,551,3,1,6,0,1,352
120000,160,10762,6,6,1980,1980,0,626,626,626,591,3,1,6,1,1,288
205000,60,8880,7,5,1994,2002,0,253,948,1222,888,3,1,8,2,2,463
241500,20,10400,7,5,1988,1988,0,916,1845,1872,0,3,1,6,1,2,604
137000,190,9142,6,8,1910,1950,0,1020,1020,908,1020,4,2,9,0,1,440
140000,20,11310,6,5,1954,1954,0,1367,1367,1375,0,2,1,5,1,2,451
180000,60,11317,7,5,2003,2003,0,840,840,840,828,3,1,8,0,2,500
277000,50,159000,6,7,1958,2006,0,747,1444,1444,700,4,1,7,2,2,389
76500,30,5350,3,2,1940,1966,0,728,728,1306,0,3,1,6,0,0,0
235000,120,4750,8,5,2006,2007,0,0,1573,1625,0,2,1,5,1,2,538
173000,60,8366,6,5,2004,2004,0,798,798,798,842,3,1,6,0,2,520
158000,80,9350,6,7,1964,1991,580,452,1302,1302,0,3,1,7,0,1,309
145000,20,8400,5,6,1957,1957,0,392,1314,1314,0,3,1,5,0,1,294
230000,60,8738,7,5,1999,1999,0,975,975,1005,1286,4,1,8,1,2,429
207500,60,8791,6,5,2003,2003,0,361,864,864,864,3,1,7,0,2,673
220000,20,8814,7,5,2006,2006,0,270,1604,1604,0,3,1,8,1,2,660
231500,60,12435,7,5,2001,2001,0,602,963,963,829,3,1,7,1,2,564
97000,20,12702,5,5,1956,1956,0,0,0,882,0,2,1,4,0,1,308
176000,80,19296,6,5,1962,1962,690,0,1362,1382,0,3,1,6,1,2,884
276000,60,9588,8,5,2007,2007,0,1482,1482,1482,1092,3,1,10,1,3,868
151000,80,8471,6,7,1977,1995,0,0,506,1212,0,3,1,6,1,2,492
130000,50,5500,5,7,1929,2001,692,0,926,926,0,3,1,6,0,2,484
73000,30,5232,5,5,1925,2004,0,680,680,764,0,2,1,4,0,2,504
175500,20,12090,6,6,1981,1981,228,606,1422,1422,0,3,1,7,1,2,576
185000,60,11207,6,5,1997,1997,0,88,802,802,709,3,1,8,1,2,413
179500,75,8400,5,8,1939,1997,0,342,720,1052,720,4,1,8,1,1,240
120500,30,6900,5,6,1940,1955,125,212,740,778,0,2,1,4,1,1,924
148000,20,7917,6,7,1976,1976,0,392,1143,1113,0,3,1,6,1,1,504
266000,60,10728,8,5,2006,2006,0,1095,1095,1095,844,3,1,8,1,3,1053
241500,20,39104,7,7,1954,2005,1063,96,1385,1363,0,2,1,5,2,2,439
290000,60,11764,8,7,1999,2007,0,628,1152,1164,1106,4,1,9,1,3,671
139000,20,9600,6,6,1958,1988,620,0,1240,1632,0,3,1,6,1,1,338
124500,20,8314,5,7,1982,1982,0,270,816,816,0,2,1,5,0,1,264
205000,50,7264,7,7,1925,2007,0,952,952,952,596,3,1,5,0,2,672
201000,20,9196,7,5,2003,2003,0,1560,1560,1560,0,3,1,7,0,2,573
141000,20,19138,4,5,1951,1951,0,744,864,864,0,2,1,4,0,2,400
415298,20,14450,9,5,2006,2007,0,2121,2121,2121,0,3,1,8,1,3,732
192000,60,10005,7,5,1977,1977,0,768,1160,1156,866,4,1,8,1,2,505
228500,60,11287,7,6,1989,1989,0,386,807,1175,807,3,1,7,1,2,575
185000,20,7200,6,5,2006,2006,0,357,1262,1262,0,2,1,5,0,2,572
207500,120,5063,7,5,2007,2008,0,410,1314,1314,0,2,1,6,1,2,626
244600,20,9612,8,5,2008,2009,0,1468,1468,1468,0,3,1,6,1,3,898
179200,120,8012,6,5,1992,1992,0,1145,1575,1575,0,2,1,5,0,2,529
164700,160,4251,7,5,2006,2007,0,625,625,625,625,2,1,5,0,2,528
159000,50,9786,6,7,1962,1981,0,312,912,1085,649,3,1,7,1,2,440
88000,20,8125,4,4,1971,1971,0,244,858,858,0,3,1,5,0,0,0
122000,20,9819,5,5,1967,1967,0,432,882,900,0,3,1,5,0,1,280
153575,70,8730,6,7,1915,2003,0,698,698,698,698,3,1,7,0,1,384
233230,60,15611,8,5,2006,2006,0,1079,1079,1079,840,3,1,8,1,2,685
135900,190,5687,5,6,1912,2000,0,570,780,936,780,6,1,9,0,0,0
131000,50,11409,5,4,1949,2008,0,476,768,1148,568,3,1,8,1,1,281
235000,60,16659,7,7,1977,1994,0,0,795,1468,795,3,1,9,1,2,539
167000,20,9600,6,5,1953,1953,0,131,1416,1644,0,3,1,7,2,2,418
142500,80,7937,6,6,1984,1984,0,184,1003,1003,0,3,1,6,0,2,588
152000,50,13710,5,5,1950,1950,0,490,910,910,648,4,1,6,0,1,282
239000,60,7399,7,5,1997,1998,0,326,975,975,975,3,1,7,1,2,576
175000,60,11700,6,6,1968,1968,175,143,702,1041,702,3,1,7,1,2,539
158500,20,14000,6,8,1950,2004,0,1092,1092,1152,0,3,1,6,1,1,300
157000,190,15750,5,5,1953,1953,0,324,1165,1336,0,2,1,5,2,1,375
267000,60,16226,8,5,1998,1999,0,747,1028,1210,1242,4,1,9,1,2,683
205000,20,13704,7,5,2001,2002,0,1541,1541,1541,0,3,1,6,1,3,843
149900,20,9800,5,7,1972,1972,0,0,894,894,0,3,1,5,0,2,552
295000,75,18386,7,9,1880,2002,0,1470,1470,1675,1818,3,1,10,1,3,870
305900,20,10386,8,5,2004,2005,0,536,2000,2000,0,3,1,8,0,3,888
225000,60,13474,7,5,1990,1991,0,0,700,1122,1121,4,1,8,1,3,746
89500,50,7920,6,7,1920,1950,0,319,319,1035,371,3,1,6,0,0,0
82500,30,12342,4,5,1940,1950,0,599,861,861,0,1,1,4,0,2,539
360000,20,12378,9,5,2003,2004,0,622,1896,1944,0,3,1,8,3,3,708
165600,60,7685,6,5,1993,1994,0,179,697,697,804,3,1,6,1,2,420
132000,20,8000,6,6,1948,2002,0,292,972,972,0,2,1,5,1,1,240
119900,190,7800,5,7,1939,1950,0,286,793,793,325,3,1,5,1,2,410
375000,20,215245,7,5,1965,1965,820,80,2136,2036,0,3,1,8,2,2,513
178000,70,9600,7,7,1925,1990,0,712,728,832,809,3,1,6,1,2,546
188500,60,7795,7,5,2004,2005,0,291,716,716,716,3,1,6,1,2,432
260000,60,13005,7,7,1980,1980,0,153,845,1153,1200,4,1,10,1,2,484
270000,60,9000,8,5,2006,2006,0,1088,1088,1088,871,3,1,8,1,3,1025
260000,60,9900,7,5,1993,1993,0,360,1347,1372,1274,4,1,9,1,3,656
187500,80,14115,7,5,1980,1980,0,336,1372,1472,0,3,1,6,2,2,588
342643,60,16259,9,5,2006,2006,0,1249,1249,1249,1347,4,1,9,0,3,840
354000,60,12099,8,5,2004,2004,0,166,1136,1136,1332,4,1,10,1,3,872
301000,60,10380,7,5,1986,1987,1474,0,1502,1553,1177,4,1,8,1,2,576
126175,20,5820,3,8,1955,2005,0,906,1162,1163,0,3,1,6,0,1,220
242000,80,11275,7,7,1967,2007,0,710,710,1898,1080,5,1,11,1,2,564
87000,45,5000,5,6,1941,1950,0,604,720,803,0,2,1,5,0,2,360
324000,120,10846,8,5,1993,1993,0,100,1719,1719,0,1,1,6,2,2,473
145250,20,11600,6,5,1960,1960,0,818,1383,1383,0,3,1,7,0,1,292
214500,75,11888,6,6,1916,1994,0,844,844,1445,689,5,1,10,0,2,441
78000,70,6402,5,5,1920,1950,0,596,596,596,596,3,1,6,0,1,189
119000,90,10624,5,4,1964,1964,264,1424,1728,1728,0,6,2,10,0,1,352
139000,20,8176,5,6,1958,1992,0,210,1056,1056,0,3,1,6,0,1,308
284000,20,10655,8,5,2003,2004,479,1603,3206,1629,0,3,1,7,1,3,880
207000,120,8198,7,5,2004,2004,0,638,1358,1358,0,2,1,6,1,2,484
192000,60,9042,6,5,1998,1998,0,115,943,943,695,3,1,7,2,2,472
228950,190,164660,5,6,1965,1965,147,103,1499,1619,167,3,1,7,2,2,529
377426,20,14157,9,5,2005,2006,0,673,1922,1922,0,3,1,8,1,3,676
214000,20,9135,7,5,2002,2003,0,726,1536,1536,0,3,1,7,0,2,532
202500,20,14145,7,7,1984,1998,0,995,1208,1621,0,3,1,8,0,2,440
155000,20,12400,6,7,1958,1998,0,630,1215,1215,0,3,1,6,0,1,297
202900,60,14191,8,5,2002,2002,0,967,967,993,915,4,1,9,0,2,431
82000,20,8400,4,4,1950,1950,0,721,721,841,0,2,1,4,0,1,294
87500,90,8544,3,4,1949,1950,0,0,0,1040,0,2,2,6,0,2,400
266000,120,8849,9,5,2005,2005,0,1656,1684,1684,0,2,1,6,1,2,564
85000,160,2592,5,3,1976,1976,232,175,536,536,576,3,1,4,0,1,336
140200,50,6435,6,5,1939,1950,0,972,972,972,605,3,1,6,1,1,312
151500,20,12772,6,8,1960,1998,0,460,958,958,0,2,1,5,0,1,301
157500,20,17600,6,5,1960,1960,0,208,1478,1478,0,3,1,6,2,2,498
154000,160,2448,7,5,2003,2004,0,191,764,764,862,2,1,6,0,2,474
437154,60,20431,9,5,2005,2006,0,438,1848,1848,880,4,1,10,2,3,706
318061,120,7820,9,5,2007,2007,0,1869,1869,1869,0,2,1,6,1,2,617
190000,120,5271,7,5,1986,1986,0,371,1453,1453,0,2,1,6,1,2,445
95000,50,9084,5,6,1941,1950,380,0,616,616,495,3,1,5,0,1,200
105900,30,8520,6,8,1928,2003,0,624,624,720,0,2,1,5,0,2,484
140000,50,8400,6,5,1940,2000,0,552,940,1192,403,2,1,6,2,1,240
177500,20,11249,6,5,1995,1995,544,322,1200,1200,0,3,1,6,0,2,521
173000,20,9248,6,6,1992,1992,0,598,1158,1167,0,3,1,6,0,2,400
134000,120,4224,5,5,1976,1976,0,268,1142,1142,0,3,1,6,1,2,528
130000,80,6930,5,4,1958,1958,294,468,1062,1352,0,3,1,6,0,1,288
280000,60,12011,8,5,1998,1998,0,130,1086,1086,838,3,1,7,1,2,592
156000,85,7540,6,6,1978,1978,0,115,888,912,0,2,1,5,1,2,470
145000,50,9144,5,5,1940,1982,0,484,883,988,517,3,1,8,0,1,240
198500,85,7301,7,5,2003,2003,0,0,0,495,1427,4,1,7,1,2,672
118000,160,1680,6,8,1972,2007,0,321,483,483,504,2,1,5,0,1,264
190000,60,18800,6,5,1976,1976,0,84,796,790,784,3,1,6,1,2,566
147000,70,10690,5,7,1920,1997,0,216,672,672,672,3,1,6,0,1,468
159000,20,9500,6,5,1963,1963,0,785,1394,1394,0,3,1,6,2,2,514
165000,80,9150,6,5,1962,1962,0,728,1099,1431,0,3,1,6,1,1,296
132000,20,7800,5,6,1954,1954,0,728,1268,1268,0,2,1,7,1,1,244
162000,20,9830,5,7,1959,2006,258,733,1063,1287,0,3,1,7,1,2,576
172400,60,8121,6,5,2000,2000,0,953,953,953,711,3,1,7,1,2,460
134432,50,17120,4,4,1959,1959,0,0,0,1120,468,4,1,7,1,2,680
125000,120,7175,6,5,1984,1984,121,0,744,752,0,2,1,4,0,1,264
123000,20,10634,5,6,1953,1953,180,0,608,1319,0,3,1,5,0,1,270
219500,60,8200,7,5,2003,2004,0,847,847,847,1081,4,1,8,1,2,434
61000,30,10020,1,1,1922,1950,0,333,683,904,0,1,1,4,0,0,0
148000,85,8846,5,5,1996,1996,0,572,870,914,0,2,1,5,0,2,576
340000,60,11143,8,5,2004,2005,0,1580,1580,1580,886,4,1,8,1,2,610
394432,20,11394,9,2,2010,2010,0,411,1856,1856,0,1,1,8,1,3,834
179000,60,8123,6,5,2000,2000,0,982,982,1007,793,3,1,7,1,2,463
127000,50,5000,5,6,1924,1950,0,808,1026,1026,665,3,1,6,1,1,308
187750,20,7200,7,5,2006,2006,0,1293,1293,1301,0,2,1,5,1,2,572
213500,60,9245,7,5,2006,2006,0,939,939,939,858,3,1,8,0,2,639
76000,45,9000,6,3,1928,1950,0,784,784,784,0,2,1,5,0,2,360
240000,60,53107,6,5,1992,1992,0,595,1580,1079,874,3,1,9,2,2,501
192000,120,3182,8,5,2004,2005,0,1232,1256,1269,0,2,1,6,1,2,430
81000,50,8410,5,3,1910,1996,0,658,658,658,526,5,1,8,0,0,0
125000,80,7200,6,6,1976,1976,0,410,1041,1125,0,3,1,6,1,1,352
191000,20,9382,7,5,1999,2000,0,1468,1468,1479,0,3,1,6,0,2,577
426000,60,12474,10,5,2007,2008,0,402,1682,1742,590,3,1,9,1,3,846
119000,50,8405,5,8,1900,1950,391,229,861,961,406,4,1,7,0,1,384
215000,60,12209,6,5,2001,2002,0,114,804,804,1157,3,1,7,1,2,560
106500,20,8339,5,7,1959,1959,0,0,0,882,0,3,1,5,0,1,294
100000,30,7446,4,5,1941,1950,0,522,788,788,0,2,1,4,2,0,0
109000,50,10134,5,6,1940,1950,0,735,735,735,299,2,1,5,0,1,240
129000,20,9571,5,6,1956,1956,0,405,1144,1144,0,3,1,6,0,1,596
123000,20,7200,5,5,1972,1972,0,117,894,894,0,2,1,6,0,2,600
169500,60,7590,5,5,1962,1962,0,324,864,876,936,4,1,8,1,1,264
67000,30,8967,5,2,1920,1950,0,961,961,1077,0,2,1,6,0,1,338
241000,60,8125,7,5,2006,2007,0,280,1092,1112,438,2,1,7,0,2,438
245500,120,14963,8,5,1996,1996,0,474,1260,1288,0,1,1,4,2,2,500
164990,20,8767,7,5,2005,2005,0,1286,1310,1310,0,3,1,6,1,2,400
108000,30,10200,5,8,1940,1997,0,672,672,672,0,2,1,4,0,1,240
258000,60,12090,8,5,1998,1998,0,1141,1141,1165,1098,4,1,10,1,2,420
168000,60,10364,6,5,1995,1996,0,806,806,806,766,3,1,7,1,2,373
150000,20,9991,4,4,1976,1993,0,165,1281,1620,0,3,1,8,1,2,490
115000,50,10480,6,5,1936,1950,0,1064,1064,1166,0,3,1,6,0,1,240
177000,70,15576,6,7,1915,1976,0,840,840,840,840,4,1,8,0,1,308
280000,60,14154,7,5,2006,2006,0,1063,1063,1071,1101,3,1,9,1,3,947
339750,60,10800,8,5,2007,2008,0,245,1034,1050,1028,3,1,8,1,3,836
60000,20,9571,5,3,1958,1958,0,1276,1276,1276,0,3,1,5,0,1,350
145000,190,34650,5,5,1955,1955,0,0,1056,1056,0,3,1,5,0,2,572
222000,20,4403,7,5,2009,2009,0,892,1470,1478,0,2,1,7,1,2,484
115000,30,8960,5,6,1927,1950,0,1008,1008,1028,0,2,1,5,1,2,360
228000,60,11228,7,5,1993,1993,531,499,1080,1080,1017,3,1,9,1,3,678
181134,20,8899,7,5,2007,2007,0,1316,1340,1340,0,3,1,6,0,2,396
149500,60,7844,6,7,1978,1978,0,463,672,672,728,3,1,6,1,2,440
239000,70,22420,6,6,1918,1950,0,242,1370,1370,1254,4,1,10,1,3,864
126000,50,8160,5,6,1940,1950,0,444,756,756,378,3,1,7,0,1,240
142000,20,8450,5,6,1968,1968,0,281,1056,1056,0,3,1,6,1,1,304
206300,90,7060,7,5,1997,1998,0,35,1344,1344,0,2,2,8,0,4,784
215000,20,16635,6,7,1977,2000,0,356,1602,1602,0,3,1,8,1,2,529
113000,20,21750,5,5,1954,1954,0,988,988,988,0,2,1,4,0,2,520
315000,60,9200,8,5,1998,1998,0,484,1470,1470,1160,4,1,8,1,3,696
139000,20,9000,6,5,1956,1956,0,580,1196,1196,0,2,1,6,1,1,297
135000,60,3378,7,8,1946,1992,0,651,651,707,682,3,1,6,2,1,240
275000,80,12800,7,5,1989,1989,0,0,1518,1644,0,2,1,5,1,2,569
109008,20,8593,4,6,1957,1957,0,619,907,907,0,3,1,5,0,1,352
195400,20,6762,7,5,2007,2007,0,544,1208,1208,0,2,1,6,0,2,628
175000,20,11457,6,5,1988,1988,0,387,1392,1412,0,3,1,6,1,2,576
85400,160,1680,6,5,1971,1971,0,96,483,483,504,2,1,4,0,1,264
79900,50,5586,6,7,1920,1998,0,901,901,1088,110,4,1,7,0,0,0
122500,160,1920,5,5,1971,1971,0,294,765,765,600,2,1,6,0,2,440
181000,60,10839,6,5,1997,1998,0,926,926,926,678,3,1,7,1,2,470
81000,180,1890,4,7,1972,1972,0,135,630,630,0,1,1,3,0,0,0
212000,60,10667,7,6,1996,1996,344,70,799,827,834,3,1,6,1,2,550
116000,50,4400,6,8,1920,1950,0,648,648,734,384,2,1,6,0,2,440
119000,45,6000,6,7,1926,2004,0,884,884,904,0,2,1,4,0,1,180
90350,30,4280,5,6,1913,2002,0,75,440,694,0,2,1,4,1,1,352
110000,50,12354,6,8,1920,2000,0,684,684,684,512,3,1,7,0,2,528
555000,20,15431,10,5,2008,2008,539,788,3094,2402,0,2,1,10,2,3,672
118000,90,12108,4,4,1955,1955,0,1307,1440,1440,0,4,2,8,0,0,0
162900,50,6240,5,7,1930,1992,0,1078,1078,1128,445,3,1,8,1,2,360
172500,120,3922,7,5,2006,2007,0,1258,1258,1258,0,2,1,6,1,3,648
210000,60,8750,7,5,1994,1995,0,273,915,933,975,4,1,8,1,2,493
127500,20,9855,6,5,1956,1956,0,1436,1436,1689,0,3,1,7,1,2,480
190000,20,16492,6,6,1966,2002,713,557,1517,1888,0,2,1,6,1,2,578
199900,60,11214,7,5,1998,1999,0,930,930,956,930,4,1,10,1,2,431
119500,50,8600,6,6,1937,1950,0,780,780,780,596,3,1,7,1,1,198
120000,50,6000,3,7,1948,2002,0,318,649,679,504,2,1,6,0,1,308
110000,30,5684,6,8,1930,2005,0,813,813,813,0,2,1,5,0,1,270
280000,20,70761,7,5,1975,1975,0,878,1533,1533,0,2,1,5,2,2,576
204000,60,9303,6,5,1996,1997,0,130,872,888,868,3,1,7,0,2,422
210000,60,9000,8,5,2008,2008,0,768,768,786,804,3,1,6,0,2,676
188000,90,9297,5,5,1976,1976,0,122,1728,1728,0,4,2,8,0,2,560
175500,20,9600,7,6,1973,1973,0,326,1242,1242,0,3,1,6,1,2,528
98000,70,4571,5,5,1916,1950,0,624,624,624,720,4,1,7,0,3,513
256000,20,53227,4,6,1954,1994,0,248,1364,1663,0,2,1,6,2,2,529
161000,70,5100,8,7,1925,1996,0,588,588,833,833,3,1,7,1,1,228
110000,50,7015,5,4,1950,1950,0,524,709,979,224,3,1,5,1,1,352
263435,60,8004,8,5,2009,2009,0,288,832,832,1103,3,1,8,0,2,552
155000,70,7200,7,9,1936,2007,210,0,560,575,560,3,1,6,0,2,576
62383,20,8281,5,5,1965,1965,311,0,864,864,0,3,1,5,1,1,360
188700,70,11988,6,7,1934,1995,0,389,715,849,811,3,1,6,1,1,240
124000,20,8430,5,5,1978,1978,0,424,1040,1040,0,3,1,5,0,0,0
178740,120,3072,7,5,2004,2004,0,1375,1375,1414,0,2,1,6,1,2,398
167000,20,10628,7,5,1970,1970,0,499,1277,1277,0,2,1,5,1,2,526
146500,70,9480,5,7,1942,1995,0,342,728,888,756,3,1,7,2,1,312
250000,20,11428,8,5,2006,2006,0,1626,1626,1634,0,3,1,7,1,3,866
187000,60,9291,6,5,1993,1993,0,406,832,832,878,3,1,7,0,2,506
212000,120,6820,8,5,1985,1985,1120,0,1488,1502,0,1,1,4,0,2,528
190000,60,11952,7,6,1977,1977,0,808,808,1161,808,3,1,8,1,2,534
148000,180,3675,6,5,2005,2005,0,88,547,1072,0,2,1,5,0,2,525
440000,20,14977,8,5,2006,2007,0,626,1976,1976,0,2,1,7,1,3,908
251000,120,5330,8,5,2000,2000,0,298,1494,1652,0,2,1,6,0,2,499
132500,20,8480,5,6,1963,1963,0,340,970,970,0,2,1,5,0,2,624
208900,20,13125,6,5,1997,1998,0,484,1478,1493,0,3,1,7,1,2,508
380000,60,13693,9,5,2006,2006,0,2153,2153,2069,574,3,1,9,1,3,694
297000,20,10637,8,5,2007,2008,0,417,1705,1718,0,3,1,7,1,3,826
89471,30,5925,4,7,1937,2000,0,739,907,1131,0,2,1,7,0,2,672
326000,20,16033,9,5,2004,2005,0,572,1833,1850,0,3,1,8,1,3,772
374000,20,11846,9,5,2003,2004,0,225,1792,1792,0,2,1,6,1,3,874
155000,70,2500,7,8,1915,2005,0,611,910,916,910,4,1,7,1,1,164
164000,120,4500,6,5,1998,1998,0,319,1216,1216,0,2,1,5,0,2,402
132500,20,7758,5,7,1962,2001,0,411,999,999,0,3,1,6,0,1,264
147000,20,9600,5,7,1950,2007,0,506,1113,1113,0,3,1,5,1,1,264
156000,20,10289,5,7,1965,1965,0,237,1073,1073,0,3,1,6,0,2,515
175000,20,12243,5,6,1971,1971,0,486,1484,1484,0,3,1,7,1,2,487
160000,190,10800,5,4,1900,1970,0,290,954,1766,648,3,2,10,1,2,520
86000,180,1526,4,8,1970,2002,0,115,630,630,0,1,1,3,0,1,286
115000,160,2665,5,6,1976,1976,0,264,264,616,688,3,1,4,1,1,336
133000,50,9490,6,7,1941,1950,165,238,806,958,620,3,1,5,2,1,240
172785,60,15578,6,5,2006,2006,0,728,728,728,728,3,1,8,0,2,429
155000,20,7931,5,6,1960,1960,532,363,1269,1269,0,3,1,6,1,1,308
91300,30,5784,5,8,1938,1996,0,190,190,886,0,2,1,4,0,1,273
34900,30,7879,4,5,1920,1950,0,225,720,720,0,2,1,4,0,0,0
430000,20,12692,8,5,1992,1993,0,1969,3200,3228,0,4,1,10,1,2,546
184000,50,9120,7,6,1925,1950,0,697,1026,1133,687,4,1,8,0,1,240
130000,20,7800,5,7,1967,2004,0,414,864,899,0,3,1,5,0,1,288
120000,20,7535,5,7,1958,1985,279,522,912,912,0,2,1,5,0,1,297
113000,160,1890,6,5,1973,1973,0,316,672,672,546,3,1,7,0,1,264
226700,60,9803,7,5,2005,2005,0,466,866,866,902,3,1,7,0,2,603
140000,20,9170,5,7,1965,1965,96,420,1214,1214,0,2,1,6,0,2,461
289000,20,15602,7,8,1959,1997,0,254,1501,1801,0,1,1,6,2,2,484
147000,160,2308,6,5,1974,1974,495,103,855,855,467,3,1,6,1,2,440
124500,90,7596,5,5,1952,1952,0,960,960,960,1000,4,2,10,0,2,400
215000,60,9554,8,5,1993,1994,0,397,777,1065,846,3,1,8,1,2,471
208300,20,7862,6,5,2009,2009,0,1191,1218,1218,0,2,1,4,0,2,676
161000,70,9600,7,9,1928,2005,0,548,689,689,689,3,1,7,1,2,360
124500,20,9600,5,6,1959,1959,0,50,1041,1041,0,3,1,6,0,1,270
164900,20,14559,5,7,1951,2000,180,178,1008,1363,0,2,1,6,2,1,288
202665,120,6792,7,5,2005,2006,0,1368,1368,1368,0,2,1,6,1,2,474
129900,20,9100,5,5,1958,1958,174,169,864,864,0,3,1,5,0,2,624
134000,20,9187,6,5,1983,1983,0,748,1084,1080,0,3,1,5,0,2,484
96500,45,10594,5,5,1926,1950,0,768,768,789,0,2,1,5,0,1,200
402861,20,12220,10,5,2009,2009,0,570,2006,2020,0,3,1,9,1,3,900
158000,80,10448,6,6,1972,1972,0,689,689,1378,741,3,1,7,1,2,583
265000,60,10208,7,5,1996,1997,0,1264,1264,1277,1067,3,1,7,1,3,889
211000,60,9531,6,5,1998,1998,0,88,794,882,914,3,1,7,0,2,546
234000,70,10918,7,9,1926,2004,0,1276,1276,1276,804,3,1,9,2,1,282
106250,190,10800,4,7,1900,2000,0,0,0,694,600,3,2,7,0,0,0
150000,20,11988,6,6,1957,1957,0,467,1244,1244,0,3,1,6,2,1,336
159000,50,5000,6,7,1947,1950,0,605,1004,1004,660,3,1,7,2,2,420
184750,60,40094,10,5,2007,2008,0,878,3138,3138,1538,3,1,11,1,3,884
315750,60,11787,7,5,1996,1997,0,660,1379,1383,1015,3,1,8,1,3,834
176000,20,7500,7,5,2005,2005,0,1257,1257,1266,0,3,1,6,1,2,453
132000,20,13300,5,7,1956,2000,0,551,928,928,0,2,1,4,0,1,252
446261,60,14948,9,5,2008,2008,0,122,1452,1476,1237,3,1,11,1,3,858
86000,30,9098,4,7,1920,2002,0,180,528,605,0,2,1,5,0,0,0
200624,20,32668,6,3,1957,1975,0,816,2035,2515,0,4,2,9,2,2,484
175000,80,10200,6,5,1988,1989,0,678,1461,1509,0,3,1,5,1,2,600
128000,70,6155,6,8,1920,1999,0,611,611,751,611,3,1,6,0,2,502
107500,20,7200,5,7,1955,2007,0,0,0,827,0,2,1,5,1,1,392
39300,20,5000,1,3,1946,1950,0,0,0,334,0,1,1,2,0,0,0
178000,60,9056,8,5,2004,2004,0,707,707,707,707,3,1,6,1,2,403
107500,190,7000,5,7,1910,1991,0,148,1117,820,527,3,1,5,0,0,0
188000,60,8924,7,5,1998,1999,0,880,880,880,844,3,1,8,0,2,527
111250,20,12735,4,5,1972,1972,0,264,864,864,0,3,1,5,0,2,576
158000,20,11553,5,5,1968,1968,0,378,1051,1159,0,3,1,7,1,1,336
272000,20,11423,8,5,2001,2002,0,223,1581,1601,0,3,1,6,1,2,670
315000,20,14601,9,5,2006,2006,0,578,1838,1838,0,2,1,8,1,3,765
248000,60,11000,8,5,2000,2000,0,969,969,997,1288,4,1,8,1,3,648
213250,20,10140,7,5,1998,1999,1127,379,1650,1680,0,3,1,7,1,2,583
133000,120,4058,7,5,1998,1998,139,0,723,767,0,1,1,4,0,1,367
179665,60,17104,7,5,2006,2006,0,100,654,664,832,3,1,7,1,2,426
229000,50,13837,7,5,1988,1988,202,0,1204,1377,806,4,1,9,0,3,786
210000,50,8737,6,7,1923,1950,0,765,1065,915,720,3,1,6,1,2,440
129500,85,7244,5,7,1970,1970,0,149,768,768,0,2,1,5,0,2,624
125000,20,8235,5,7,1955,1995,645,0,825,825,0,2,1,4,0,2,720
263000,60,9375,7,5,2003,2004,0,912,912,912,1182,4,1,8,1,2,615
140000,120,4043,6,6,1977,1977,0,510,1069,1069,0,2,1,4,0,2,440
112500,20,6000,5,6,1957,1957,0,620,928,928,0,3,1,5,0,1,288
255500,20,11146,8,5,2006,2006,0,1709,1709,1717,0,3,1,7,1,3,908
108000,20,8777,4,5,1949,2003,0,0,0,1126,0,2,1,5,0,2,520
284000,60,10625,7,5,2003,2004,0,132,998,1006,1040,3,1,8,1,3,871
113000,45,6380,5,6,1922,1950,0,993,993,1048,0,2,1,5,1,1,280
141000,20,14850,5,5,1957,1957,0,197,1092,1092,0,2,1,6,1,1,299
108000,50,11040,4,6,1920,1950,0,0,637,897,439,3,1,7,0,1,570
175000,60,21872,7,5,1996,1997,0,125,729,729,717,3,1,6,1,2,406
234000,120,3196,7,5,2003,2004,0,1374,1374,1557,0,2,1,7,1,2,420
121500,20,11341,5,6,1957,1996,0,90,1392,1392,0,3,1,5,1,2,528
170000,20,10010,5,5,1974,1975,123,195,1389,1389,0,2,1,6,1,2,418
108000,30,13907,5,6,1940,1969,0,706,996,996,0,3,1,6,1,0,0
185000,50,21780,6,7,1918,1950,0,1163,1163,1163,511,4,1,8,1,2,396
268000,60,13346,7,5,1992,2000,0,367,1095,1166,1129,4,1,9,1,2,590
128000,70,6858,6,4,1915,1950,0,806,806,841,806,4,1,6,0,1,216
325000,60,11198,9,5,2005,2007,0,1122,1122,1134,1370,4,1,11,1,3,656
214000,20,10171,7,5,2004,2004,0,1515,1517,1535,0,3,1,7,0,2,532
316600,50,12327,8,8,1983,2009,0,55,1496,1496,636,1,1,5,1,2,612
135960,90,7032,5,5,1979,1979,0,0,943,943,0,2,1,4,2,2,600
142600,90,13101,5,5,1965,1965,0,1497,1728,1728,0,6,2,10,0,2,576
120000,20,7332,6,6,1959,1959,0,450,864,864,0,2,1,4,0,1,288
224500,60,13159,7,5,2009,2009,0,846,846,846,846,3,1,6,0,2,650
170000,80,9967,7,5,2000,2000,0,384,384,774,656,3,1,8,1,2,400
139000,80,10500,5,7,1971,2005,0,23,372,576,533,3,1,5,0,1,288
118500,50,8480,5,5,1947,1950,0,390,832,832,384,2,1,6,0,1,336
145000,50,6292,7,7,1928,1950,0,861,861,877,600,3,1,6,1,1,216
164500,80,11777,5,6,1966,1966,551,285,1164,1320,0,3,1,6,2,2,564
146000,160,3604,7,5,2007,2007,0,689,689,703,689,2,1,5,0,2,540
131500,50,12150,5,5,1954,1954,0,1050,1050,1050,745,4,1,7,0,1,352
181900,20,14585,6,6,1960,1987,219,331,1144,1429,0,3,1,7,2,2,572
253293,20,12704,8,5,2008,2009,0,2042,2042,2042,0,3,1,8,1,3,1390
118500,90,11841,6,5,1990,1990,0,0,816,816,0,3,1,5,0,0,0
325000,75,13500,10,9,1893,2000,0,1237,1237,1521,1254,3,1,9,1,2,880
133000,50,6120,4,7,1935,1995,0,884,884,989,584,3,1,6,0,1,240
369900,20,11443,8,5,2005,2006,0,408,1868,2028,0,2,1,7,2,3,880
130000,30,10267,6,7,1918,2000,606,0,816,838,0,2,1,5,0,1,275
137000,85,8740,5,6,1982,1982,0,168,840,860,0,2,1,4,0,2,528
143000,20,25095,5,8,1968,2003,0,113,1437,1473,0,1,1,5,2,1,452
79500,40,9100,5,6,1930,1960,0,742,742,779,0,2,1,4,0,1,308
185900,60,8320,7,5,2004,2004,0,280,770,770,812,3,1,6,0,2,520
451950,60,13478,10,5,2008,2008,0,384,1722,1728,568,3,1,10,1,3,842
138000,20,6600,5,8,1982,2003,0,0,816,816,0,2,1,4,0,2,816
140000,120,4435,6,5,2003,2003,0,163,848,848,0,1,1,4,0,2,420
110000,20,7990,5,6,1975,1975,0,924,924,924,0,3,1,5,0,1,280
319000,20,11302,8,5,2005,2006,0,392,1814,1826,0,3,1,7,1,3,758
114504,70,3600,6,7,1910,1993,0,684,684,684,684,3,1,7,0,1,216
194201,120,3922,7,5,2006,2007,0,1258,1258,1402,0,2,1,7,1,3,648
217500,20,12984,5,6,1977,1977,147,0,1430,1647,0,3,1,7,1,2,621
151000,160,1950,6,6,1980,1980,612,23,716,716,840,3,1,6,1,2,452
275000,60,10927,8,5,2005,2005,0,512,1058,1058,846,3,1,8,1,2,736
141000,50,9000,6,6,1937,1950,0,780,780,780,595,3,1,6,1,1,544
220000,60,10041,8,5,1992,1992,0,119,908,927,988,3,1,8,1,2,506
151000,160,3182,7,5,2004,2005,0,600,600,600,600,2,1,4,0,2,480
221000,20,12803,7,5,2002,2002,0,572,1494,1494,0,3,1,6,1,2,530
205000,60,13600,7,6,1965,1990,0,314,768,1186,800,3,1,7,3,2,486
152000,20,12464,5,5,1996,1996,0,308,1040,1040,0,3,1,6,0,2,576
225000,20,7800,5,8,1948,2002,0,293,896,1112,896,3,1,8,0,1,230
359100,70,12168,8,6,1934,1998,0,537,965,1940,1254,4,1,10,2,2,380
118500,20,7943,4,5,1961,1961,0,126,1029,1029,0,3,1,5,0,1,261
313000,60,11050,9,5,2000,2000,0,536,1440,1476,677,3,1,8,2,3,736
148000,80,10395,6,6,1978,1978,0,427,1032,1032,0,3,1,6,1,2,564
261500,60,11885,8,5,2001,2001,0,309,1299,1299,573,3,1,7,1,2,531
147000,20,8402,5,5,2007,2007,0,914,1120,1120,0,3,1,6,0,0,0
75500,180,1491,4,6,1972,1972,480,0,630,630,0,1,1,3,0,0,0
137500,85,8800,6,7,1963,1963,0,173,936,1054,0,3,1,6,0,2,480
183200,60,7861,6,5,2002,2003,0,326,783,807,702,3,1,7,1,2,393
105500,45,7227,6,6,1954,1954,0,832,832,832,0,2,1,4,0,2,528
314813,20,11694,9,5,2007,2007,0,1774,1822,1828,0,3,1,9,1,3,774
305000,60,12244,8,5,2003,2003,0,611,1482,1482,780,4,1,10,2,3,749
67000,30,8248,3,3,1914,1950,0,823,864,864,0,2,1,5,0,0,0
240000,60,10800,6,7,1974,1997,182,384,1522,1548,1066,4,1,9,1,2,624
135000,20,7064,5,6,1977,1977,0,420,980,980,0,3,1,6,0,2,484
168500,160,2117,6,5,2000,2000,0,336,756,756,756,2,1,4,1,2,440
165150,60,10400,6,5,1972,1972,0,485,732,1012,778,4,1,8,1,2,484
160000,20,10000,6,6,1962,1962,0,1116,1116,1116,0,3,1,5,0,2,440
139900,20,12342,5,5,1960,1978,0,978,978,1422,0,3,1,6,1,1,286
153000,80,9600,6,6,1955,1972,132,350,1156,1520,0,3,1,7,2,1,364
135000,60,11606,5,5,1969,1969,0,390,1040,1040,1040,5,1,9,2,2,504
168500,80,9020,6,5,1964,1964,336,288,1248,1350,0,3,1,6,0,2,520
124000,70,9000,5,6,1880,1991,0,636,636,1089,661,3,1,8,0,1,240
209500,120,4590,8,5,2006,2006,0,1530,1554,1554,0,2,1,6,1,2,627
82500,20,11900,7,5,1977,1977,0,564,1386,1411,0,3,1,6,1,2,544
139400,20,9250,5,7,1954,2005,468,108,1056,1056,0,3,1,6,0,1,260
144000,90,6979,6,5,1980,1980,0,0,1056,1056,0,0,2,4,0,2,576
200000,190,10896,6,7,1914,1995,0,1184,1440,1440,1440,8,2,14,0,0,0
60000,30,6120,2,3,1936,1950,0,264,264,800,0,1,1,4,1,0,0
93000,190,6000,5,4,1954,1954,0,811,811,811,576,3,2,7,0,1,256
85000,30,8777,5,7,1910,1950,0,796,796,796,0,2,1,4,0,0,0
264561,120,3982,8,5,2006,2006,0,366,1520,1567,0,1,1,7,1,3,648
274000,120,12677,8,5,2003,2004,0,300,1518,1518,0,1,1,6,1,2,588
226000,60,7050,7,5,2001,2001,0,319,1057,1057,872,3,1,7,1,2,650
345000,80,13860,8,7,1972,1995,0,542,1952,2000,704,4,1,9,3,2,538
152000,60,10793,5,5,1969,1969,287,0,780,780,840,4,1,7,0,2,462
370878,20,9187,9,5,2009,2009,0,645,1766,1766,0,2,1,7,1,3,478
143250,20,10530,6,5,1971,1971,35,664,981,981,0,3,1,5,0,2,576
98300,20,7200,5,5,1950,1950,0,0,0,1048,0,3,1,7,0,2,420
155000,20,10452,6,5,1953,1953,0,594,1094,1094,0,3,1,5,2,2,495
155000,60,7700,6,5,1966,1966,0,756,756,1051,788,4,1,7,1,2,442
84500,180,1936,4,6,1970,1970,499,0,630,630,0,1,1,3,0,0,0
205950,60,8125,7,6,2007,2007,0,813,813,822,843,3,1,7,0,2,562
108000,70,9084,4,5,1940,1950,0,755,755,755,755,4,1,7,1,1,296
191000,60,8750,7,5,1996,1996,0,880,880,909,807,2,1,7,1,2,512
135000,50,10320,6,7,1906,1995,0,756,756,756,713,3,1,7,0,1,216
350000,20,10437,8,6,1995,1995,0,413,2109,2113,0,2,1,7,1,3,839
88000,160,1680,6,5,1971,1971,0,525,525,525,567,3,1,6,0,1,264
145500,20,10007,5,7,1959,2006,0,247,1053,1053,0,3,1,5,0,1,312
149000,70,7200,7,6,1931,2000,0,776,776,851,651,3,1,6,1,1,270
97500,50,17503,6,5,1948,1950,0,912,912,912,546,3,1,6,1,1,330
167000,20,9937,5,7,1964,1999,0,849,1486,1486,0,3,1,7,0,2,480
197900,60,12384,7,7,1976,1976,0,793,793,1142,793,3,1,7,1,2,550
402000,60,46589,8,7,1994,2005,180,88,1629,1686,762,4,1,8,1,3,711
110000,20,13560,6,3,1968,1968,0,1392,1392,1392,0,2,1,5,2,2,576
137500,85,10012,4,5,1972,1972,180,38,1138,1181,0,3,1,6,0,2,588
423000,20,20896,8,5,2005,2006,0,356,2077,2097,0,1,1,8,1,3,1134
230500,60,11194,8,5,2000,2000,0,1406,1406,1454,482,3,1,7,1,2,504
129000,60,18450,6,5,1965,1979,723,111,1021,1465,915,3,1,7,1,2,596
193500,20,8125,6,5,1994,1998,0,270,1408,1679,0,3,1,7,1,2,575
168000,20,14175,5,6,1956,1987,0,200,1188,1437,0,3,1,6,1,2,576
137500,30,11600,4,5,1922,1950,0,700,700,1180,0,2,1,5,1,1,252
173500,60,8633,6,5,2005,2005,0,545,738,738,738,3,1,7,0,2,540
103600,70,6629,6,6,1925,1950,0,121,672,697,672,3,1,6,0,1,300
165000,20,11250,6,6,1977,1977,0,441,1208,1208,0,3,1,6,1,2,546
257500,20,14442,6,7,1957,2004,0,291,1477,1839,0,3,1,7,2,2,416
140000,20,9200,6,6,1965,1965,0,244,1136,1136,0,3,1,5,1,1,384
148500,160,2289,6,6,1978,1978,0,544,855,855,586,3,1,7,1,2,440
87000,70,9600,4,2,1900,1950,0,1095,1095,1095,679,4,2,8,0,3,779
109500,30,9022,5,8,1924,2006,0,768,768,792,0,2,1,5,0,1,240
372500,20,11844,8,5,2008,2008,0,2046,2046,2046,0,3,1,7,1,3,834
128500,20,9945,5,5,1961,1961,0,161,988,988,0,3,1,5,0,2,572
143000,120,8012,6,5,1980,1980,119,261,923,923,0,2,1,5,1,1,264
159434,50,4500,5,5,1932,2000,0,611,793,848,672,3,1,6,0,1,281
173000,120,2887,6,5,1996,1997,0,288,1291,1291,0,2,1,6,1,2,431
285000,20,11248,9,5,2002,2002,0,567,1626,1668,0,3,1,7,1,3,702
221000,60,16770,7,5,1998,1998,0,1195,1195,1195,644,4,1,7,0,2,486
207500,160,5062,7,5,1984,1984,182,180,1190,1190,900,3,1,6,1,2,577
227875,60,10207,7,6,2007,2007,0,874,874,874,887,3,1,7,0,2,578
148800,160,5105,7,5,2004,2004,0,312,551,551,551,2,1,4,0,2,480
392000,20,8089,8,6,2007,2007,0,474,1419,1419,0,2,1,7,1,2,567
194700,120,7577,6,5,2005,2006,0,1342,1362,1362,0,2,1,6,1,2,460
141000,120,4426,6,5,2004,2004,0,151,848,848,0,1,1,3,1,2,420
755000,60,21535,10,6,1994,1995,0,989,2444,2444,1872,4,1,10,2,3,832
335000,60,26178,7,5,1989,1990,0,245,1210,1238,1281,4,1,9,2,2,628
108480,30,5400,5,6,1921,1968,0,1073,1073,1073,0,2,1,4,0,1,326
141500,50,6120,5,6,1936,1950,0,927,927,1067,472,3,1,5,0,2,576
176000,20,13811,6,6,1987,1987,40,92,1112,1137,0,2,1,5,1,2,551
89000,30,6000,5,7,1921,1950,0,0,616,616,0,2,1,4,0,1,205
123500,20,6420,5,7,1952,1952,551,219,980,1148,0,2,1,6,0,1,308
138500,20,8450,5,8,1965,2009,117,224,894,894,0,3,1,5,1,1,336
196000,120,4282,7,5,2004,2004,0,1375,1391,1391,0,2,1,5,0,2,530
312500,20,14331,8,5,2002,2002,0,526,1800,1800,0,3,1,7,1,3,765
140000,20,9600,7,5,1969,1969,0,1164,1164,1164,0,3,1,6,0,2,528
361919,60,12438,8,5,2006,2006,0,1234,1234,1264,1312,4,1,10,1,3,666
140000,190,7630,5,9,1900,1996,0,360,360,1032,780,4,2,8,1,2,672
213000,20,8400,7,5,2004,2005,0,761,1473,1484,0,3,1,7,0,2,606
55000,190,5600,4,5,1930,1950,0,0,0,372,720,3,2,7,0,0,0
302000,20,115149,7,5,1971,2002,0,424,1643,1824,0,2,1,5,2,2,739
254000,120,6240,8,5,2006,2006,0,461,1324,1324,0,2,1,6,1,2,550
179540,60,9018,7,5,2007,2007,0,728,728,728,728,3,1,8,1,2,400
109900,20,7162,5,7,1966,1966,0,876,876,904,0,3,1,6,0,1,408
52000,30,4130,3,6,1935,2003,0,270,270,729,0,2,1,5,0,0,0
102776,50,8712,4,7,1900,1950,0,859,859,859,319,2,1,7,0,1,384
189000,120,4671,8,5,1988,1989,0,461,1228,1228,0,2,1,5,1,2,472
129000,190,9873,4,5,1970,1970,0,171,960,960,0,3,1,6,0,2,576
130500,60,13517,6,8,1976,2005,0,192,725,725,754,3,1,6,0,2,475
165000,20,10140,6,5,1974,1974,0,1064,1064,1350,0,3,1,7,1,2,478
159500,70,10800,7,8,1890,1998,0,718,718,1576,978,3,1,8,0,2,704
157000,20,10000,5,6,1973,2000,0,92,1176,1178,0,3,1,5,1,2,439
341000,60,10542,7,5,1993,1994,0,138,1311,1325,1093,3,1,9,1,3,983
128500,20,9920,5,6,1969,1969,0,448,971,971,0,3,1,5,1,1,300
275000,120,6563,8,5,1985,1985,0,594,1742,1742,0,2,1,5,1,2,564
143000,120,4426,6,5,2004,2004,0,186,848,848,0,1,1,3,0,2,420
124500,20,8120,4,7,1970,1970,0,673,864,864,0,3,1,5,0,2,463
135000,50,8172,4,6,1954,1972,0,941,941,997,473,4,1,7,0,1,548
320000,20,13286,9,5,2007,2008,0,464,1698,1698,0,3,1,8,1,3,768
120500,20,6960,4,6,1970,1970,239,250,864,864,0,3,1,5,0,2,660
222000,20,21695,6,9,1988,2007,0,72,880,1680,0,3,1,5,1,2,540
194500,20,7314,7,5,2007,2007,0,508,1232,1232,0,2,1,6,0,2,632
110000,90,11475,5,5,1958,1958,0,1584,1584,1776,0,4,2,9,0,3,888
103000,30,6240,4,5,1925,1950,0,628,780,848,0,2,1,5,0,2,539
236500,120,5389,8,5,1995,1996,0,415,1595,1616,0,2,1,5,1,2,608
187500,80,9590,7,5,2003,2003,0,82,868,1146,0,3,1,6,1,2,438
222500,60,11404,7,5,1998,1999,0,901,1153,1153,878,3,1,8,1,2,541
131400,20,10000,5,6,1961,1983,0,270,864,1144,0,3,1,6,1,1,264
108000,20,8978,5,5,1968,1968,0,948,948,948,0,3,1,6,0,1,300
163000,75,10800,7,7,1914,1970,0,490,880,880,888,2,1,6,2,2,320
93500,90,8544,3,4,1950,1950,0,0,0,1040,0,2,2,6,0,2,400
239900,60,10463,8,5,2005,2005,0,893,893,901,900,3,1,8,1,3,800
179000,90,10800,5,5,1987,1988,0,0,1200,1200,0,3,1,5,0,0,0
190000,60,9313,7,5,2004,2004,0,864,864,864,864,3,1,7,0,2,572
132000,70,9600,5,7,1910,2002,0,264,264,768,664,2,1,7,0,2,360
142000,20,6768,6,8,1961,1996,0,80,912,912,0,3,1,5,0,1,288
179000,20,8450,7,5,2000,2001,0,1349,1349,1349,0,3,1,6,0,2,539
175000,80,12886,5,6,1963,1999,0,76,520,1464,0,3,1,6,1,2,480
180000,120,5395,8,5,1993,1993,0,604,1337,1337,0,2,1,5,1,2,462
299800,60,8963,8,9,1976,1996,80,487,1142,1175,1540,4,1,11,2,2,831
236000,60,8795,7,5,2000,2000,0,652,952,980,1276,4,1,8,1,2,554
265979,70,11700,7,7,1880,2003,0,1240,1240,1320,1320,4,1,8,1,4,864
260400,20,10593,7,5,1996,1996,0,801,1720,1720,0,3,1,7,1,2,527
98000,50,8405,4,3,1945,1950,0,0,0,1088,441,4,1,9,0,1,240
96500,50,8800,4,7,1910,2004,0,576,576,792,348,3,1,7,0,0,0
162000,60,7750,7,5,2003,2003,0,660,660,660,660,3,1,6,0,2,400
217000,20,9236,6,5,1997,1997,0,279,1479,1494,0,3,1,6,0,2,576
275500,60,10240,8,5,2005,2005,0,1030,1030,1038,1060,3,1,8,1,3,878
156000,20,7930,6,8,1969,2005,472,115,1026,1026,0,3,1,5,0,2,440
172500,160,3230,6,5,1999,1999,0,348,729,742,729,3,1,6,0,2,440
212000,60,10769,8,5,2007,2007,0,846,866,866,902,3,1,7,0,2,578
158900,60,11616,6,5,1978,1978,0,234,672,672,714,3,1,6,1,2,440
179400,160,2280,7,5,1999,1999,0,195,744,757,744,3,1,6,0,2,440
290000,60,12257,8,5,1995,1995,64,1198,1318,1328,1203,4,1,9,1,3,752
127500,20,9100,6,6,1959,1959,0,252,864,864,0,2,1,5,0,1,300
100000,30,6911,5,5,1924,1950,0,740,1145,1301,0,2,1,5,0,2,440
215200,60,8640,7,5,2009,2009,0,732,756,764,783,3,1,7,0,2,614
337000,60,9430,8,5,1999,1999,0,89,1252,1268,1097,3,1,8,1,3,856
270000,120,9549,8,5,1995,1996,1057,0,1494,1494,0,2,1,6,1,2,481
264132,20,14587,9,5,2008,2008,0,1498,1498,1506,0,2,1,6,1,2,592
196500,60,10421,7,5,1988,1988,0,586,980,980,734,3,1,7,1,2,496
160000,50,12508,6,7,1940,1985,0,323,983,983,767,4,1,7,0,1,423
216837,20,9100,7,5,2004,2005,0,1836,1860,1836,0,3,1,8,1,2,484
538000,60,53504,8,5,2003,2003,0,234,1650,1690,1589,4,1,12,1,3,841
134900,85,7252,5,5,1982,1982,0,173,858,858,0,2,1,5,0,2,576
102000,20,8877,4,5,1951,1951,0,0,836,1220,0,2,1,6,0,2,396
107000,80,7819,6,5,1976,1976,127,480,1029,1117,0,3,1,6,1,2,672
114500,20,10150,5,5,1958,1958,0,456,912,912,0,2,1,5,0,1,275
395000,20,14226,8,5,2006,2006,0,1935,1935,1973,0,3,1,9,1,3,895
162000,120,4500,6,5,1998,1998,0,338,1204,1204,0,2,1,5,0,2,412
221500,20,11210,7,5,2005,2006,0,1594,1614,1614,0,3,1,7,0,3,865
142500,20,13350,5,5,1974,1974,0,102,864,894,0,3,1,5,1,2,440
144000,90,8400,5,5,1977,1977,0,0,0,2020,0,4,2,10,2,2,630
135000,90,10530,6,5,1977,1977,0,0,975,1004,0,2,1,4,0,2,504
176000,20,7875,7,5,1995,1996,0,1237,1237,1253,0,3,1,6,1,2,402
175900,60,7153,6,5,1992,1992,0,374,761,810,793,3,1,7,0,2,484
187100,20,16285,7,5,2001,2002,0,1413,1413,1430,0,3,1,6,0,2,605
165500,85,9101,5,6,1978,1978,0,0,1097,1110,0,1,1,4,1,2,602
128000,75,6300,6,6,1914,2001,0,742,742,742,742,3,1,9,1,0,0
161500,20,9790,6,5,1967,1967,630,491,1372,1342,0,3,1,7,1,2,457
139000,50,10800,5,6,1915,1950,0,0,686,966,686,4,1,7,0,1,416
233000,60,10142,7,5,2004,2004,0,300,956,956,1128,4,1,8,0,2,618
107900,20,6000,4,7,1954,2000,0,901,901,901,0,2,1,4,0,1,281
187500,60,12205,6,8,1966,2007,0,264,832,976,1111,5,1,9,0,2,444
160200,120,3182,7,5,2005,2006,0,1129,1145,1145,0,2,1,5,1,2,397
146800,80,11333,6,5,1976,1976,0,490,1029,1062,0,3,1,5,2,2,539
269790,60,9920,7,5,1996,1997,0,255,1117,1127,886,3,1,8,1,2,455
225000,20,9158,8,5,2007,2007,0,1496,1496,1496,0,3,1,7,0,2,474
194500,60,10832,7,5,1994,1996,0,712,712,1086,809,3,1,7,1,2,409
171000,60,8400,6,6,1980,1981,0,650,650,888,676,3,1,7,1,2,476
143500,20,8197,6,5,1977,1977,0,660,660,1285,0,3,1,7,1,2,528
110000,20,7677,5,5,1953,1953,0,203,773,773,0,2,1,4,0,1,240
485000,60,13518,9,5,2008,2009,0,1926,1926,1966,1174,4,1,11,2,3,820
175000,50,7200,5,7,1937,1950,0,162,731,981,787,3,1,7,2,1,240
200000,60,12798,6,5,1997,1997,0,154,616,616,1072,4,1,8,0,2,603
109900,30,4800,4,7,1916,1990,0,999,1196,1196,0,2,1,5,0,2,440
189000,60,8199,7,5,2005,2005,0,80,728,728,728,3,1,7,1,2,410
582933,60,13891,9,5,2008,2009,0,1734,1734,1734,1088,4,1,12,1,3,1020
118000,20,9000,5,5,1954,1954,0,124,936,1128,0,2,1,5,0,1,286
227680,20,12274,7,5,2008,2008,0,1417,1417,1428,0,3,1,6,0,2,554
135500,80,9750,5,5,1967,1967,480,100,980,980,0,3,1,6,0,1,384
223500,70,21384,5,6,1923,2004,0,15,1324,1072,504,3,1,6,1,2,528
159950,80,13400,5,5,1966,1966,128,380,1024,1086,0,3,1,6,1,2,484
106000,75,8100,5,5,1898,1965,0,849,849,1075,1063,2,3,11,0,2,360
181000,20,10140,6,6,1974,1999,377,0,1040,1309,0,3,1,5,1,2,484
144500,120,4438,6,5,2004,2004,0,186,848,848,0,1,1,4,1,2,420
55993,20,8712,5,5,1952,1952,0,540,540,1044,0,2,1,4,0,2,504
157900,20,9750,6,6,1958,1958,0,834,1442,1442,0,4,1,7,0,1,301
116000,50,8248,5,7,1918,1950,0,686,686,686,564,3,1,7,0,1,280
224900,20,12137,7,5,1998,1998,0,1649,1649,1661,0,3,1,6,0,2,598
137000,20,11425,5,6,1954,1954,0,522,1008,1008,0,2,1,4,1,1,275
271000,20,13265,8,5,2002,2002,0,350,1568,1689,0,3,1,7,2,3,857
155000,80,8816,6,7,1971,1971,0,506,1010,1052,0,3,1,6,0,2,440
224000,120,6371,7,5,2009,2010,0,625,1358,1358,0,2,1,6,1,2,484
183000,60,7226,7,5,2003,2003,0,798,798,798,842,3,1,6,0,2,595
93000,20,6000,4,4,1953,1953,0,936,936,936,0,2,1,4,0,2,576
225000,60,12394,7,5,2003,2003,0,847,847,847,886,3,1,7,1,2,433
139500,50,9900,6,7,1940,1950,0,778,778,944,545,3,1,7,1,1,240
232600,20,11216,8,5,2006,2006,0,1489,1489,1489,0,3,1,7,1,2,776
385000,20,14803,10,5,2007,2008,0,442,2078,2084,0,2,1,7,1,3,1220
109500,45,6130,5,6,1924,1950,0,0,784,784,0,2,1,5,0,0,0
189000,20,8529,7,5,2001,2001,0,1434,1454,1434,0,3,1,6,1,2,527
185000,60,28698,5,5,1967,1967,764,0,1013,1160,966,3,1,7,0,2,538
147400,160,2544,7,5,2005,2005,0,600,600,520,623,2,1,4,0,2,480
166000,20,11900,6,5,1957,1957,0,352,1392,1392,0,3,1,6,2,2,458
151000,160,3180,7,5,2005,2005,0,600,600,520,600,2,1,4,0,2,480
237000,60,9548,7,6,2003,2003,0,458,941,941,888,3,1,7,1,2,613
167000,20,10004,6,6,1964,1964,345,975,1516,1516,0,3,1,6,0,2,472
139950,20,7875,5,6,1961,1961,0,572,1144,1144,0,3,1,6,0,2,456
128000,20,9600,4,7,1950,1995,0,625,1067,1067,0,2,1,4,0,2,436
153500,30,8100,5,6,1948,1973,0,1221,1559,1559,0,2,1,5,0,2,812
100000,160,1680,6,5,1973,1973,0,153,483,483,504,2,1,5,0,1,264
144000,20,9525,5,6,1995,2006,0,1099,1099,1099,0,3,1,6,0,1,352
130500,50,11767,5,6,1946,1995,0,416,768,768,432,3,1,6,0,1,240
140000,70,12155,6,8,1925,1950,0,516,672,810,672,4,1,7,0,1,400
157500,70,10440,5,8,1904,2002,0,650,650,958,581,3,1,8,1,2,686
174900,80,9020,6,7,1966,1966,539,276,1127,1165,0,3,1,6,0,2,490
141000,90,8000,5,4,1961,1961,0,1800,1800,1800,0,6,2,10,0,0,0
153900,50,12665,5,8,1915,1950,0,876,876,876,540,4,1,7,1,3,720
171000,85,16647,5,5,1975,1981,0,0,1390,1701,0,3,1,6,2,2,611
213000,60,9317,7,5,1993,1993,0,227,740,1006,769,3,1,7,1,2,425
133500,20,15523,5,6,1972,1972,0,404,864,864,0,3,1,5,1,1,338
240000,50,45600,6,8,1908,1997,0,907,907,1307,1051,5,1,10,1,2,360
187000,80,9600,6,7,1976,1994,0,528,528,1094,761,3,1,7,1,2,512
131500,120,4435,6,5,2003,2003,0,189,848,848,0,1,1,3,0,2,420
215000,120,3196,8,5,2003,2003,0,1273,1273,1456,0,2,1,7,1,2,400
164000,75,7128,7,5,1941,1950,0,554,918,918,728,4,1,7,2,1,240
158000,80,12095,6,6,1964,1964,0,563,1127,1445,0,3,1,7,1,2,645
170000,20,17920,5,4,1955,1974,1085,372,1763,1779,0,3,1,6,1,2,454
127000,20,6897,5,8,1962,2010,0,381,1040,1040,0,3,1,6,0,1,260
147000,80,10970,6,6,1978,1978,435,0,940,1026,0,3,1,5,0,2,576
174000,60,8125,6,5,1994,1995,0,702,702,702,779,3,1,6,1,2,343
152000,20,10400,7,5,1976,1976,0,1090,1090,1370,0,3,1,6,1,2,479
250000,60,11029,6,7,1968,1984,0,435,1054,1512,1142,4,1,9,1,2,619
189950,50,7642,7,8,1918,1998,0,912,912,912,514,3,1,7,1,1,216
131500,190,11625,5,4,1965,1965,0,198,1039,1039,0,3,1,6,0,2,504
152000,20,9672,6,5,1984,1985,0,702,1040,1097,0,3,1,6,0,2,480
132500,20,7931,5,5,1959,1959,0,0,1148,1148,0,3,1,6,0,1,672
250580,20,8640,7,5,2007,2008,0,1372,1372,1372,0,3,1,6,0,2,529
148500,20,8750,5,6,1970,1970,0,174,1002,1002,0,3,1,5,0,2,902
248900,20,10656,8,5,2006,2007,0,1638,1638,1646,0,3,1,6,1,3,870
129000,20,6970,4,5,1961,1961,0,108,1040,1120,0,3,1,5,0,2,544
169000,60,14762,5,6,1948,1950,0,0,0,1547,720,2,1,7,1,2,672
236000,60,9938,7,5,1993,1994,0,300,1050,1062,887,3,1,8,1,2,574
109500,20,6600,5,5,1962,1962,0,894,894,894,0,2,1,5,0,1,308
200500,60,8750,6,5,1998,1998,0,299,804,804,878,3,1,7,0,2,523
116000,20,8892,5,7,1953,1996,0,105,105,910,0,3,1,5,0,2,414
133000,40,12144,5,7,1949,1950,0,457,832,1036,0,3,1,6,1,1,288
66500,50,5720,5,6,1941,1950,0,676,676,676,455,3,1,5,0,1,200
303477,60,9000,8,5,2007,2007,0,1120,1184,1184,1426,4,1,11,1,2,550
132250,20,25286,4,5,1963,1963,0,431,1064,1040,0,3,1,5,0,2,648
350000,60,8834,9,5,2004,2005,0,292,1462,1462,762,4,1,10,1,3,738
148000,85,11782,5,7,1961,1995,0,210,1109,1155,0,3,1,6,0,2,576
136500,20,7000,5,8,1978,2005,0,218,864,864,0,3,1,6,0,1,336
157000,20,7024,5,5,2005,2006,0,110,1090,1090,0,2,1,5,0,2,450
187500,50,13758,7,5,1990,1991,0,254,1156,1187,530,3,1,7,1,2,400
178000,60,9636,6,5,1992,1993,0,808,808,808,785,3,1,7,1,2,389
118500,75,6204,4,5,1912,1950,0,795,795,954,795,5,1,10,0,1,440
100000,20,7150,5,5,1967,1967,0,460,892,892,0,3,1,5,0,1,288
328900,120,5119,9,5,1999,2000,0,460,1698,1709,0,2,1,5,1,2,506
145000,90,8393,5,5,1959,2005,0,1098,1626,1712,0,4,2,8,0,2,588
135500,50,16466,5,7,1955,1955,0,816,816,872,521,3,1,8,0,1,300
268000,20,15865,8,6,1970,1970,823,1043,2217,2217,0,4,1,8,1,2,621
149500,20,12160,6,4,1953,1953,0,481,1505,1505,0,2,1,6,1,2,505
122900,50,8064,5,7,1949,2006,0,672,672,672,252,3,1,6,1,2,576
172500,60,11184,6,5,1978,1978,500,192,918,918,765,3,1,7,1,2,440
154500,20,8414,6,8,1963,2003,0,396,1059,1068,0,3,1,6,0,1,264
165000,20,13284,5,5,1954,1954,0,319,1383,1383,0,3,1,6,1,1,354
118858,90,7018,5,5,1979,1979,0,0,0,1535,0,4,2,8,0,2,400
140000,60,7056,6,5,1963,1963,0,380,780,983,813,4,1,8,1,2,483
106500,30,8765,4,6,1936,1950,0,666,951,951,0,2,1,6,0,1,327
142953,90,7018,5,5,1979,1979,0,0,0,1120,1120,6,2,12,0,2,528
611657,20,12919,9,5,2009,2010,0,142,2330,2364,0,2,1,11,2,3,820
135000,20,6993,5,7,1961,1994,0,447,912,1236,0,3,1,6,1,1,288
110000,20,7340,4,6,1971,1971,0,536,858,858,0,2,1,4,0,1,684
153000,20,8712,5,7,1957,2000,0,132,992,1306,0,2,1,5,0,1,756
180000,60,7875,7,5,2003,2003,0,783,783,807,702,3,1,8,1,2,393
240000,20,14859,7,5,2006,2006,0,1670,1670,1670,0,3,1,7,1,3,690
125500,20,6173,5,6,1967,1967,0,277,876,902,0,3,1,6,0,1,288
128000,20,9920,5,5,1954,1954,290,412,1056,1063,0,3,1,6,0,1,280
255000,20,13501,8,5,2006,2006,0,1560,1623,1636,0,3,1,8,1,3,865
250000,50,11500,7,7,1936,1987,0,794,1017,1020,1037,3,1,6,1,1,180
131000,20,8885,5,5,1983,1983,324,239,864,902,0,2,1,5,0,2,484
174000,60,12589,6,5,2005,2005,0,742,742,742,742,3,1,8,1,2,390
154300,90,11600,5,5,1960,1960,0,662,1105,1105,1169,5,2,12,0,2,480
143500,20,9286,5,7,1977,1989,0,1072,1268,1268,0,3,1,5,0,1,252
88000,30,6120,5,7,1925,1950,0,279,768,1015,0,3,1,6,0,1,450
145000,90,6270,5,6,1949,1950,0,717,1001,1001,1001,4,2,8,0,3,871
173733,160,3000,6,5,2009,2009,0,318,612,612,612,2,1,4,0,2,528
75000,160,2001,4,5,1970,1970,0,546,546,546,546,3,1,6,0,1,286
35311,20,9000,2,3,1949,1950,0,430,480,480,0,1,1,4,0,1,308
135000,20,17140,4,6,1956,1956,0,75,1134,1229,0,3,1,6,0,1,284
238000,60,13125,7,5,1991,1991,634,422,1104,912,1215,4,1,8,1,3,833
176500,20,11029,6,8,1958,2002,411,245,1184,1414,0,3,1,6,1,2,601
201000,60,8462,6,5,1994,1994,0,114,928,936,785,3,1,7,0,2,471
145900,90,8777,5,7,1900,2003,0,188,1272,1272,928,4,2,9,0,0,0
169990,20,10237,6,5,2005,2006,0,1288,1316,1316,0,3,1,6,1,2,397
193000,120,8012,6,5,1993,1994,841,598,1604,1617,0,2,1,5,1,2,533
207500,20,10240,6,6,1980,1980,1061,0,1686,1686,0,3,1,7,1,2,612
175000,20,15611,5,6,1977,1977,93,266,1126,1126,0,3,1,6,0,2,540
285000,60,11999,8,5,2003,2004,0,1181,1181,1234,1140,4,1,10,1,3,656
176000,60,9900,7,5,1968,1968,0,280,832,1098,880,4,1,9,1,2,486
236500,20,11838,8,5,2001,2001,0,1753,1753,1788,0,3,1,7,1,2,522
222000,60,13006,7,5,1997,1997,0,964,964,993,1243,4,1,8,1,2,642
201000,20,8925,8,5,2007,2007,0,1450,1466,1466,0,3,1,7,0,3,610
117500,20,9100,5,6,1965,1965,466,121,925,925,0,2,1,5,0,1,429
320000,20,11670,9,5,2006,2006,0,1905,1905,1905,0,3,1,8,1,3,788
190000,20,8487,7,5,2004,2004,0,1480,1500,1500,0,3,1,6,0,2,570
242000,20,27650,7,7,1960,2007,0,160,585,2069,0,4,1,9,1,2,505
79900,30,5825,4,5,1926,1953,0,600,600,747,0,1,1,5,0,2,528
184900,20,10083,7,5,2003,2003,0,343,1176,1200,0,2,1,5,0,2,555
253000,60,9675,7,5,2005,2005,0,772,1113,1113,858,3,1,8,1,2,689
239799,60,8760,7,5,2006,2006,0,927,1391,1391,571,3,1,7,0,3,868
244400,70,24090,7,7,1940,1950,0,1032,1032,1207,1196,4,1,10,2,1,349
150900,90,12640,6,5,1976,1976,396,396,1728,1728,0,4,2,8,0,2,574
214000,60,8755,7,5,1999,1999,0,220,992,1022,1038,3,1,8,1,2,390
150000,90,7711,4,3,1977,1977,0,0,1440,1440,0,4,2,8,0,0,0
143000,90,25000,5,4,1967,1967,0,1632,1632,1632,0,4,2,8,0,2,576
137500,20,14375,6,6,1958,1958,354,354,819,1344,0,3,1,7,1,2,525
124900,50,8820,5,6,1890,1996,0,0,1088,1188,561,2,1,7,0,2,456
143000,80,8163,5,6,1959,1959,294,102,1144,1144,0,3,1,6,1,1,796
270000,20,14536,8,5,2002,2003,0,316,1616,1629,0,3,1,9,1,3,808
192500,60,14006,7,5,2002,2002,0,936,936,936,840,3,1,7,1,2,474
197500,20,9360,6,7,1972,2006,0,179,1161,1381,0,3,1,5,1,2,676
129000,20,7200,5,8,1950,2002,149,317,864,864,0,3,1,5,0,2,720
119900,20,7800,5,5,1965,1965,0,187,828,965,0,3,1,6,0,1,300
133900,85,7200,5,8,1972,2003,0,108,768,768,0,2,1,5,0,1,396
172000,60,11075,5,4,1969,1969,193,29,784,1168,800,4,1,7,1,2,530
127500,90,9400,6,5,1975,1975,0,0,945,980,0,4,0,4,0,0,0
145000,90,7136,6,6,1946,1950,0,495,979,979,979,4,2,8,0,2,492
124000,160,1300,6,6,1980,1980,0,276,561,561,668,2,1,5,1,2,462
132000,20,7420,5,5,1962,1962,0,640,1057,1057,0,3,1,6,0,2,576
185000,20,8450,7,5,2003,2003,0,638,1337,1337,0,3,1,6,0,2,531
155000,160,2572,7,5,1999,1999,0,92,696,696,720,3,1,6,0,2,484
116500,20,7207,5,7,1958,2008,0,162,858,858,0,2,1,4,0,0,0
272000,60,12227,6,7,1977,1995,0,434,1330,1542,1330,4,1,11,1,2,619
155000,160,2308,6,6,1976,1976,0,248,804,804,744,3,1,7,1,2,440
239000,20,11923,9,5,2007,2007,0,1800,1800,1800,0,2,1,7,0,2,702
214900,60,11316,7,5,2002,2003,0,193,817,824,1070,4,1,8,1,2,510
178900,60,10237,6,5,2005,2007,0,783,783,783,701,3,1,8,1,2,393
160000,50,9600,5,7,1940,1950,0,300,728,976,332,2,1,7,2,1,256
135000,20,7390,5,7,1955,1955,0,196,1098,1098,0,3,1,6,0,1,260
37900,50,5925,3,6,1910,1950,0,600,600,600,368,2,1,6,0,0,0
140000,190,10382,6,5,1958,1958,0,75,588,1095,0,2,1,6,0,1,264
135000,50,10800,4,4,1949,1950,0,720,720,720,472,4,1,6,0,0,0
173000,160,2268,7,5,2003,2004,0,197,764,764,862,2,1,6,0,2,474
99500,120,7892,6,5,1979,1979,0,918,918,918,0,2,1,5,1,1,264
182000,20,11639,7,5,2007,2008,0,1428,1428,1428,0,3,1,6,0,2,480
167500,70,11414,7,8,1910,1993,0,728,728,1136,883,3,1,8,0,2,532
165000,160,2651,7,5,2000,2000,0,32,673,673,709,3,1,6,0,2,490
85500,30,5900,4,7,1923,1958,0,440,440,869,0,2,1,4,0,0,0
199900,120,4274,7,5,2006,2007,0,135,1241,1241,0,1,1,4,0,2,569
110000,20,9450,4,5,1954,1954,0,342,894,894,0,3,1,5,0,2,400
139000,20,8816,5,6,1963,1963,0,470,1121,1121,0,3,1,5,0,2,480
178400,85,12122,7,9,1961,2007,0,77,944,999,0,3,1,6,0,2,588
336000,60,12203,8,5,1998,1999,0,371,1225,1276,1336,4,1,8,1,3,676
159895,20,3182,7,5,2007,2007,0,1266,1266,1266,0,2,1,6,1,2,388
255900,60,11250,8,5,2002,2002,0,1128,1128,1149,1141,4,1,9,1,2,779
126000,90,10125,5,5,1977,1977,0,0,0,1302,432,4,2,8,0,2,539
125000,190,10880,5,5,1950,1950,0,124,1164,1164,0,3,1,5,0,1,240
117000,50,5310,6,8,1910,2003,0,485,485,1001,634,2,1,5,0,1,255
395192,20,10159,9,5,2009,2010,0,284,1930,1940,0,3,1,8,1,3,606
195000,60,12046,6,6,1976,1976,0,692,848,1118,912,4,1,8,1,2,551
197000,60,8125,7,5,2006,2006,0,770,770,778,798,3,1,6,0,2,614
348000,60,9452,8,5,1997,1998,0,322,1396,1407,985,3,1,7,1,3,870
168000,70,17671,8,9,1882,1986,0,700,916,916,826,4,1,8,1,2,424
187000,60,9760,6,8,1964,1993,117,169,822,1020,831,3,1,7,1,2,440
173900,60,8846,6,5,2005,2006,0,750,750,750,750,3,1,6,0,2,564
337500,20,12456,10,5,2006,2007,0,528,1700,1718,0,3,1,7,1,3,786
121600,50,4712,4,7,1946,1950,0,363,747,774,456,3,1,5,0,1,305
136500,20,10659,5,6,1961,1961,0,135,1050,1050,0,3,1,6,0,1,368
185000,20,11717,6,6,1970,1970,0,1442,1442,1442,0,2,1,6,1,2,615
91000,30,9786,3,4,1922,1950,0,1007,1007,1077,0,3,1,6,1,1,210
206000,20,6762,7,5,2006,2006,0,501,1187,1208,0,2,1,6,0,2,632
82000,20,10206,3,3,1952,1952,0,0,0,944,0,2,1,4,0,2,528
86000,30,5400,5,6,1920,1950,0,691,691,691,0,2,1,4,0,1,216
232000,20,11957,8,5,2006,2006,0,1550,1574,1574,0,3,1,7,1,3,824
136905,90,11500,5,6,1976,1976,0,1680,1680,1680,0,4,2,8,0,2,528
181000,120,3182,7,5,2005,2006,0,1330,1346,1504,0,1,1,7,1,2,457
149900,80,8385,5,8,1977,1977,0,390,985,985,0,3,1,6,0,1,328
163500,20,12155,6,3,1970,1970,0,420,1657,1657,0,3,1,7,1,2,484
88000,160,2217,4,4,1970,1970,273,0,546,546,546,3,1,6,0,1,286
240000,20,12118,7,5,2004,2005,0,1710,1710,1710,0,3,1,7,1,2,550
102000,50,6000,5,5,1926,1950,0,1008,1008,1008,0,4,1,7,0,0,0
135000,50,21286,5,5,1948,1950,0,720,720,720,551,4,1,7,1,1,312
100000,90,9825,5,5,1965,1965,0,0,0,1664,0,4,2,8,0,0,0
165000,70,10592,6,7,1923,1996,0,602,602,900,602,3,1,7,2,1,180
85000,30,7200,5,4,1910,2006,465,310,1022,1022,0,2,1,4,0,1,280
119200,20,11664,6,5,1948,1950,0,746,1082,1082,0,2,1,5,1,1,240
227000,60,8400,8,6,2001,2001,0,167,810,810,855,3,1,6,0,2,528
203000,20,11883,7,5,1996,1996,0,814,1504,1504,0,3,1,6,1,2,478
187500,120,5814,8,5,1984,1984,0,184,1220,1360,0,1,1,4,1,2,565
160000,80,10784,7,5,1991,1992,0,384,384,802,670,3,1,7,1,2,402
213490,120,3013,7,5,2005,2005,0,1346,1362,1506,0,2,1,6,1,2,440
176000,20,7024,4,5,2005,2005,0,108,1132,1132,0,2,1,5,0,2,451
194000,20,7406,7,5,2006,2006,0,515,1199,1220,0,2,1,6,0,2,632
87000,50,9439,5,5,1930,1950,0,588,912,912,336,2,1,6,0,1,160
191000,120,3182,7,5,2005,2006,0,1330,1346,1504,0,2,1,7,1,2,437
287000,20,15498,8,6,1976,1976,400,0,1565,2898,0,2,1,10,1,2,665
112500,20,7700,5,5,1972,1972,468,276,882,882,0,3,1,5,0,2,461
167500,20,9300,5,5,1960,1960,0,571,1268,1264,0,3,1,6,2,2,461
293077,20,9520,8,5,2007,2008,0,125,1638,1646,0,3,1,7,1,3,800
105000,50,9492,5,5,1941,1950,41,359,768,968,408,3,1,6,1,1,240
118000,160,1680,6,7,1972,1972,0,355,672,672,546,3,1,7,0,1,264
160000,190,7082,5,8,1916,1995,0,686,686,948,980,5,2,10,0,0,0
197000,75,15863,7,3,1920,1970,0,301,824,1687,998,5,1,12,2,2,672
310000,60,14541,8,7,1993,1993,0,326,1338,1352,1168,5,1,10,1,3,796
230000,20,8125,7,5,2002,2002,0,668,1654,1654,0,3,1,6,0,3,900
119750,30,6305,5,7,1938,1950,0,920,920,954,0,2,1,5,1,1,240
84000,20,11500,4,3,1957,1957,0,0,0,845,0,3,1,5,0,1,290
315500,20,12898,9,5,2007,2008,0,598,1620,1620,0,2,1,6,1,3,912
287000,60,9240,8,5,2001,2002,0,1055,1055,1055,1208,3,1,7,1,2,905
97000,160,1533,4,6,1970,2008,0,546,546,798,546,3,1,6,1,0,0
80000,180,1477,4,4,1970,1970,0,121,630,630,0,1,1,3,0,1,286
155000,20,13125,5,4,1957,2000,682,284,1134,1803,0,3,1,8,1,2,484
173000,60,9130,6,8,1966,2000,64,336,800,800,832,4,1,7,0,2,484
196000,120,5381,6,5,2005,2005,0,406,1306,1306,0,1,1,5,1,2,624
262280,60,11839,7,5,1990,1990,0,390,1475,1532,797,4,1,10,1,2,514
278000,20,9600,8,5,1981,1981,0,1420,2524,2524,0,4,1,9,1,2,542
139600,20,13680,3,5,1955,1955,0,0,0,1733,0,4,1,8,1,2,452
556581,60,16056,9,5,2005,2006,0,1752,1992,1992,876,4,1,11,1,3,716
145000,20,9245,5,5,1994,1995,0,304,990,990,0,3,1,5,0,2,672
115000,20,21750,5,4,1960,2006,0,0,0,1771,0,3,1,9,1,2,336
84900,20,11100,4,7,1946,2006,0,0,0,930,0,2,1,6,0,1,308
176485,20,8993,7,5,2007,2007,0,1302,1302,1302,0,3,1,6,0,2,436
200141,20,11175,7,5,2007,2007,0,1316,1316,1316,0,3,1,6,1,2,440
165000,60,9500,6,6,1964,1978,0,374,816,1127,850,4,1,9,1,2,540
144500,20,8562,5,6,1957,2002,0,833,1216,1526,0,4,1,7,1,1,364
255000,60,11367,8,5,2002,2002,0,133,1065,1091,898,3,1,7,1,2,586
180000,20,11361,6,5,1976,1976,0,549,1193,1523,0,3,1,7,1,2,478
185850,120,7052,7,5,2005,2005,0,705,1364,1364,0,2,1,6,1,2,484
248000,60,29959,7,6,1994,1994,0,378,973,979,871,3,1,7,1,2,467
335000,60,11308,9,5,2008,2008,0,168,1104,1130,1054,3,1,10,1,3,836
220000,50,11275,6,7,1932,1950,557,0,854,1096,895,3,1,7,1,2,432
213500,120,4920,8,5,2001,2001,0,722,1338,1338,0,2,1,6,0,2,582
81000,30,18000,3,4,1935,1950,0,894,894,894,0,2,1,6,0,3,1248
90000,190,13600,5,5,1900,1950,0,662,662,1422,915,5,2,10,0,2,560
110500,30,6000,6,6,1925,1980,0,706,1103,1103,0,2,1,5,1,2,440
154000,20,11000,5,6,1966,1966,230,184,1154,1154,0,3,1,6,1,2,480
328000,60,14000,7,5,1996,1997,0,105,1306,1306,954,3,1,7,0,2,533
178000,60,7837,6,7,1993,1994,0,799,799,799,772,3,1,7,1,2,380
167900,60,9760,6,6,1964,1964,106,0,780,798,813,4,1,7,0,2,442
151400,160,3964,6,4,1973,1973,0,105,942,1291,1230,5,1,10,1,2,576
135000,45,9600,5,7,1949,2003,0,625,845,893,0,2,1,4,0,2,576
135000,20,10152,5,5,1956,1956,0,462,1048,1048,0,3,1,6,0,1,286
154000,60,11700,6,6,1968,1968,0,429,727,829,727,4,1,8,0,2,441
91500,50,7585,5,3,1948,1950,0,810,810,1002,454,4,1,7,1,1,280
159500,60,7950,6,6,1977,1977,0,155,690,698,728,3,1,6,0,2,440
194000,20,8556,7,5,2006,2006,0,1240,1240,1240,0,2,1,5,0,3,826
219500,70,13125,7,6,1940,1984,0,390,800,960,780,3,1,6,2,1,240
170000,50,10800,5,8,1936,1989,0,170,796,1096,370,3,1,7,1,2,566
138800,20,15870,5,5,1969,1969,791,230,1096,1096,0,3,1,6,0,1,299
155900,120,4435,6,5,2004,2004,0,186,848,848,0,1,1,3,1,2,420
126000,20,8775,5,5,1994,1994,0,495,990,990,0,3,1,5,0,1,299
145000,20,11040,6,7,1971,2004,0,602,1258,1258,0,3,1,5,0,2,528
133000,20,7500,5,5,1963,1963,0,216,1040,1040,0,3,1,5,0,1,308
192000,20,8749,7,5,2002,2002,0,1459,1459,1459,0,3,1,6,1,2,527
160000,20,8800,6,6,1964,1964,0,698,1251,1251,0,3,1,6,2,1,461
187500,60,13031,6,5,1995,1996,0,99,691,691,807,3,1,6,1,2,409
147000,85,9069,6,6,1992,1992,0,189,936,996,0,2,1,5,0,2,564
83500,160,1974,4,5,1973,1973,0,212,546,546,546,3,1,6,0,1,286
252000,60,10574,8,5,2005,2006,0,1082,1082,1082,871,3,1,9,1,3,1043
137500,160,2522,7,5,2004,2004,0,970,970,970,739,3,1,7,0,2,380
197000,120,3316,8,5,2005,2005,0,208,1247,1247,0,1,1,4,1,2,550
92900,90,8544,3,4,1950,1950,0,0,0,1040,0,2,2,6,0,2,400
160000,160,2160,7,5,1999,2000,0,90,600,624,628,2,1,4,0,2,462
136500,50,8400,6,5,1925,1950,0,758,1181,1390,304,4,1,7,1,2,576
146000,20,9230,5,8,1965,1998,0,203,864,1200,0,1,1,6,0,2,884
129000,20,5868,5,7,1956,2000,240,448,936,936,0,2,1,4,0,1,308
176432,20,9317,6,5,2006,2006,0,1290,1314,1314,0,3,1,6,1,2,440
127000,70,6882,6,7,1914,2006,0,684,684,773,582,3,1,7,0,0,0
170000,120,3696,8,5,1986,1986,0,1074,1074,1088,0,2,1,5,0,2,461
128000,50,6000,4,6,1936,1950,0,0,672,757,567,3,1,6,0,1,240
157000,20,11880,7,5,1978,1978,0,567,1271,1601,0,3,1,7,1,2,478
60000,30,8400,2,5,1920,1950,0,0,290,438,0,1,1,3,0,1,246
119500,20,9758,5,5,1971,1971,287,251,950,950,0,3,1,5,0,1,280
135000,20,7000,5,7,1960,2002,0,422,1010,1134,0,2,1,6,0,1,254
159500,20,8910,6,6,1959,1959,0,0,655,1194,0,3,1,6,1,2,539
106000,160,2016,5,5,1970,1970,0,630,630,630,672,3,1,6,0,2,440
325000,60,12256,8,5,1994,1995,0,431,1463,1500,1122,3,1,9,2,2,712
179900,20,10357,7,5,1990,1991,0,172,910,1442,0,3,1,6,1,2,719
274725,60,23257,7,5,2006,2006,0,868,868,887,1134,3,1,9,1,2,422
181000,60,8063,6,5,2000,2000,0,924,924,948,742,3,1,7,1,2,463
280000,20,11362,8,5,2004,2005,0,797,1836,1836,0,3,1,7,1,3,862
188000,60,8000,6,5,1995,1996,0,554,773,773,885,3,1,8,1,2,431
205000,60,10480,7,6,1976,1976,0,400,803,1098,866,4,1,8,1,2,483
129900,20,7100,5,7,1957,1957,0,108,816,816,0,2,1,5,0,1,308
134500,20,8923,5,7,1953,2006,0,365,1008,1008,0,2,1,6,0,1,240
117000,20,5400,5,7,1954,2000,0,418,833,833,0,2,1,4,0,1,326
318000,20,12085,8,5,2007,2007,0,730,1734,1734,0,3,1,7,1,3,928
184100,80,7750,8,5,2002,2002,0,55,408,779,640,3,1,7,1,2,527
130000,20,9764,5,7,1967,2003,0,192,894,894,0,3,1,5,0,2,450
140000,80,13825,5,6,1958,1987,0,533,533,1021,580,3,1,6,0,1,300
133700,20,7560,5,5,1959,1959,0,671,1040,1040,0,3,1,6,0,1,286
118400,30,8263,6,5,1920,1950,0,1012,1012,1012,0,2,1,6,1,1,308
212900,20,10084,7,5,2005,2006,0,1528,1552,1552,0,3,1,7,0,3,782
112000,20,8926,4,3,1956,1956,0,672,672,960,0,3,1,5,0,1,288
118000,20,9405,5,9,1947,2008,0,698,698,698,0,2,1,4,0,0,0
163900,80,9125,7,5,1992,1992,0,384,384,812,670,3,1,7,1,2,392
115000,20,10434,4,5,1955,1955,0,1005,1005,1005,0,2,1,5,1,2,672
174000,120,3684,7,5,2007,2007,0,1373,1373,1555,0,2,1,7,1,3,660
259000,20,14572,7,5,2004,2004,0,230,1530,1530,0,3,1,7,1,3,630
215000,60,11796,7,5,2004,2005,0,847,847,847,1112,4,1,8,1,2,434
140000,90,7200,5,5,1980,1980,0,0,936,936,0,2,1,4,0,2,672
135000,50,7804,4,3,1928,1950,0,500,1122,1328,653,4,1,7,2,2,576
93500,20,10712,5,5,1991,1992,0,762,974,974,0,3,1,5,0,0,0
117500,70,9900,6,4,1880,1950,0,1008,1008,1178,1032,5,1,8,0,1,205
239500,60,9828,8,5,1995,1995,0,544,1128,1142,878,3,1,8,1,2,466
169000,60,8773,6,5,1997,1997,0,916,916,916,684,3,1,7,1,2,460
102000,30,6180,6,5,1926,1950,0,960,960,986,0,2,1,5,1,1,180
119000,50,9600,6,5,1950,1950,0,752,1032,1032,220,3,1,6,0,1,288
94000,50,6342,5,8,1875,1996,0,780,780,780,240,2,1,6,0,0,0
196000,20,9819,6,5,1977,1977,0,0,1567,1567,0,2,1,5,2,2,714
144000,30,8731,5,5,1920,1950,0,270,915,1167,0,3,1,6,1,2,495
139000,20,7350,5,7,1951,1951,0,100,952,952,0,2,1,4,0,2,840
197500,60,10304,5,7,1976,1976,0,399,780,1088,780,4,1,9,1,2,484
424870,60,9965,8,5,2006,2007,0,316,1466,1466,1362,4,1,11,1,3,1052
80000,20,9000,5,3,1959,1959,0,718,1006,1006,0,3,1,5,0,0,0
80000,190,12180,4,4,1941,1950,0,324,672,672,252,2,1,5,0,1,280
149000,50,6240,5,6,1928,1950,0,1042,1042,1042,534,3,1,8,1,1,225
180000,20,11200,6,5,1985,1985,0,40,1298,1298,0,3,1,5,1,2,403
174500,70,12000,7,7,1941,1950,0,429,704,860,704,3,1,7,1,1,234
116900,50,5700,7,7,1926,1950,0,572,572,572,539,2,1,5,1,1,288
143000,70,9000,7,9,1920,1988,0,26,650,832,650,3,1,7,0,2,324
124000,20,8280,6,5,1950,1950,0,932,932,932,0,2,1,4,1,1,306
149900,20,17755,5,4,1959,1959,0,1290,1466,1466,0,3,1,6,2,2,528
230000,20,14115,6,7,1956,2004,547,230,1073,1811,0,2,1,6,1,2,470
120500,30,5890,6,8,1930,2007,0,278,816,816,0,2,1,5,0,1,432
201800,60,13700,7,6,1965,1988,0,410,864,902,918,4,1,8,2,2,492
218000,20,10768,5,8,1976,2004,0,280,1437,1437,0,3,1,6,1,2,528
179900,80,9350,5,8,1965,1999,0,586,1219,1265,0,3,1,6,1,2,502
230000,120,5001,7,5,2007,2008,0,410,1314,1314,0,2,1,6,1,2,626
235128,20,11932,8,5,2007,2008,0,1580,1580,1580,0,3,1,7,0,3,830
185000,60,9120,6,6,1974,1974,0,459,901,943,933,4,1,8,1,2,540
146000,160,2280,6,5,1978,1978,0,544,855,855,601,3,1,7,1,2,440
224000,20,14778,6,7,1954,2006,0,568,1296,1640,0,3,1,7,1,2,924
129000,20,8724,5,5,1968,1968,0,402,894,894,0,3,1,5,1,2,450
108959,90,12900,4,4,1969,1969,0,0,1198,1258,0,0,2,6,0,2,400
194000,80,16157,5,7,1978,1978,391,289,1360,1432,0,2,1,5,1,2,588
233170,20,9541,7,5,2009,2009,0,1502,1502,1502,0,3,1,7,0,2,644
245350,20,10475,8,5,2008,2008,0,1694,1694,1694,0,3,1,7,0,3,776
173000,60,10852,6,5,2000,2000,0,173,959,959,712,3,1,7,1,2,472
235000,70,13728,6,7,1935,1986,0,501,1127,1236,872,4,1,7,2,2,540
625000,60,35760,10,5,1995,1996,0,543,1930,1831,1796,4,1,10,1,3,807
171000,80,9880,6,6,1977,1977,0,574,1096,1118,0,3,1,6,1,1,358
163000,20,9120,6,6,1958,1958,0,599,1261,1261,0,3,1,6,1,2,433
171900,160,4017,7,5,2006,2007,0,625,625,625,625,2,1,5,0,2,625
200500,50,18030,5,6,1946,1994,469,977,1598,1636,971,3,1,12,1,0,0
239000,70,16560,6,8,1932,1950,0,449,952,1170,1175,4,1,9,1,2,360
285000,50,10678,8,5,1992,2000,0,983,1683,2129,743,4,1,9,1,2,541
119500,20,6951,5,5,1984,1985,0,218,876,923,0,3,1,5,0,1,264
115000,50,3950,6,8,1926,2004,0,350,818,818,406,3,1,5,0,1,210
154900,50,7681,5,6,1921,1950,0,731,731,820,523,3,1,7,1,1,186
93000,20,8335,5,5,1954,1954,0,0,0,1124,0,3,1,5,1,0,0
250000,60,11170,7,5,1990,1991,0,0,1216,1298,1216,4,1,8,0,2,693
392500,120,5587,8,5,2008,2008,0,120,1600,1652,0,2,1,5,1,2,482
745000,60,15623,10,5,1996,1996,0,300,2396,2411,2065,4,1,10,2,3,813
120000,30,10800,5,6,1920,1950,0,299,1120,1130,0,2,1,5,1,2,720
186700,20,35133,5,4,1963,1963,0,413,1572,1572,0,3,1,5,2,3,995
104900,50,9738,5,7,1924,1950,0,392,784,949,272,4,1,7,0,1,392
95000,190,10615,3,5,1900,1970,0,538,978,1014,685,3,2,7,0,2,420
262000,20,12461,8,5,1994,1995,0,168,1624,1624,0,2,1,5,1,3,757
195000,60,8935,7,5,2002,2002,0,831,831,831,829,3,1,7,0,2,493
189000,60,7500,7,5,1999,1999,0,994,994,1028,776,3,1,7,1,2,442
168000,190,32463,4,4,1961,1975,0,90,1249,1622,0,3,1,7,1,4,1356
174000,160,2645,8,5,1999,2000,0,776,776,764,677,2,1,5,0,2,492
125000,50,9600,5,8,1925,1994,0,702,702,842,630,3,1,6,0,1,250
165000,120,4500,6,5,1999,1999,0,341,1224,1224,0,2,1,5,0,2,402
158000,60,9364,6,7,1969,1969,0,292,663,663,689,4,1,7,0,1,299
176000,60,8029,6,5,2005,2005,0,728,728,728,728,3,1,8,0,2,400
219210,60,14054,7,5,2006,2006,0,879,879,879,984,4,1,9,1,3,660
144000,75,8850,7,6,1916,1950,0,815,815,815,875,3,1,7,1,1,225
178000,20,9100,7,5,2001,2001,0,1212,1212,1212,0,3,1,6,0,2,573
148000,20,11235,4,5,1963,1979,0,504,1051,1382,0,3,1,6,1,2,459
116050,20,9353,4,5,1970,1970,0,864,864,864,0,3,1,5,0,1,280
197900,60,10400,7,5,1998,1998,0,866,866,866,913,3,1,6,0,2,546
117000,50,6000,5,8,1925,1997,0,884,884,884,464,3,1,5,1,1,216
213000,20,9750,7,5,2000,2001,0,1630,1630,1630,0,3,1,6,1,2,451
153500,20,10140,5,6,1975,1975,0,268,1056,1074,0,3,1,6,0,2,495
271900,20,14684,7,7,1990,1991,177,1496,2158,2196,0,3,1,7,1,3,701
107000,20,8900,4,4,1966,1966,0,0,1056,1056,0,2,1,5,0,1,384
200000,20,9135,6,5,2003,2003,0,1342,1682,1700,0,3,1,7,0,2,544
140000,20,7763,5,7,1962,1980,108,319,931,1283,0,3,1,6,0,2,506
290000,20,10182,8,5,2006,2006,0,440,1660,1660,0,3,1,8,1,2,500
189000,60,11218,6,5,1992,1992,0,1055,1055,1055,790,3,1,8,1,2,462
164000,50,12134,8,7,1988,2005,0,132,559,1080,672,4,1,8,0,2,492
113000,30,9340,4,6,1941,1950,0,328,672,672,0,2,1,4,0,1,234
145000,80,10246,4,9,1965,2001,0,0,648,960,0,0,1,3,0,1,364
134500,85,10205,5,5,1962,1962,0,141,925,999,0,3,1,6,0,1,300
125000,20,7094,5,5,1966,1966,374,340,894,894,0,3,1,5,0,1,384
112000,90,8930,6,5,1978,1978,0,0,0,1318,584,4,2,8,0,2,539
229456,20,8640,8,5,2009,2009,0,364,1300,1314,0,3,1,6,0,2,552
80500,50,6240,4,5,1947,1950,0,0,0,672,240,2,1,3,0,0,0
91500,160,1680,6,5,1971,1971,0,672,672,672,546,3,1,7,0,0,0
115000,20,7800,5,5,1964,1964,600,0,912,912,0,2,1,5,0,1,288
134000,20,8250,5,5,1968,1968,492,210,952,1211,0,3,1,5,1,1,322
143000,50,10496,6,6,1949,1950,0,844,1040,1168,678,3,1,7,1,1,315
137900,20,10680,5,3,1951,1951,0,1380,2136,2136,0,4,1,7,0,2,528
184000,60,15384,7,5,2004,2005,0,64,788,788,702,3,1,8,1,2,388
145000,80,10482,6,8,1958,1958,0,81,588,1138,0,3,1,6,0,1,264
214000,60,14598,6,5,2007,2007,0,894,894,894,1039,4,1,9,1,3,668
147000,20,8872,5,8,1965,2008,0,317,912,912,0,2,1,5,0,2,576
367294,120,8769,9,5,2008,2008,0,162,1702,1702,0,1,1,7,1,3,1052
127000,80,7910,5,5,1960,1960,0,409,1075,1507,0,4,1,7,0,1,404
190000,90,18890,5,5,1977,1977,211,652,1361,1361,1259,4,2,12,1,2,600
132500,90,7728,5,6,1962,1962,0,303,1106,1190,0,3,1,6,0,2,540
101800,90,9842,4,5,1962,1962,0,0,0,1224,0,2,2,6,0,2,462
142000,20,12160,5,5,1959,1959,0,188,1188,1188,0,3,1,6,0,2,531
130000,70,8525,5,6,1911,1950,0,940,940,1024,940,4,1,7,0,0,0
138887,70,13132,5,5,1914,1950,0,747,747,892,892,4,1,9,0,1,180
175500,160,2628,7,5,2003,2003,0,764,764,764,862,2,1,6,0,2,474
195000,60,12393,7,5,2004,2005,0,847,847,847,1101,4,1,8,1,2,434
142500,20,13072,6,5,2005,2005,0,1141,1141,1141,0,3,1,6,0,2,484
265900,20,9037,8,5,2006,2006,0,1048,1476,1484,0,2,1,6,1,2,472
224900,60,8158,7,5,2003,2003,0,334,884,884,884,3,1,8,0,2,543
248328,20,9849,7,6,2007,2007,0,1689,1689,1689,0,3,1,7,0,3,954
170000,85,10625,7,6,1974,1974,168,0,1053,1173,0,3,1,6,2,2,528
465000,20,13891,10,5,2006,2006,0,690,2076,2076,0,2,1,7,1,3,850
230000,70,11435,8,7,1929,1950,0,792,792,792,725,3,1,7,2,2,400
178000,80,12090,6,7,1984,2003,0,585,585,1140,728,3,1,7,1,2,477
186500,60,8125,7,5,2005,2006,0,756,756,756,797,3,1,6,0,2,615
169900,80,12328,6,5,1976,1976,0,473,1012,1034,0,3,1,6,0,3,888
129500,75,9600,6,5,1917,1950,0,416,735,1134,924,3,1,8,1,2,396
119000,20,7200,5,7,1950,1950,96,246,876,988,0,3,1,6,0,1,276
244000,20,11160,7,5,1968,1968,0,1045,2110,2110,0,3,1,8,2,2,522
171750,120,3136,7,5,2003,2003,0,1405,1405,1405,0,2,1,6,1,2,478
130000,20,9858,5,6,1968,1968,0,354,864,874,0,3,1,5,0,1,288
294000,60,17542,7,7,1974,2003,1031,36,1192,1516,651,3,1,9,2,2,518
165400,60,6931,7,5,2003,2004,0,746,746,760,896,3,1,7,1,2,397
127500,50,6240,6,6,1931,1950,0,459,884,959,408,3,1,6,1,1,560
301500,20,14303,8,5,1994,1994,0,672,1986,1987,0,2,1,7,1,2,691
99900,30,4060,5,8,1922,1950,0,864,864,864,0,2,1,4,0,0,0
190000,80,9587,7,5,2005,2005,0,201,856,1166,0,2,1,5,0,2,400
151000,20,9750,6,8,1969,1969,438,14,1054,1054,0,3,1,6,0,2,460
181000,60,24682,6,5,1999,1999,0,841,841,892,783,3,1,7,1,2,502
128900,20,9600,5,6,1956,1956,0,546,1050,1050,0,2,1,5,0,1,338
161500,50,11250,4,5,1957,1989,0,1104,1104,1104,684,5,1,8,2,1,304
180500,70,13515,6,6,1919,1950,0,764,764,1060,764,3,1,8,1,2,520
181000,120,4060,6,5,1998,1999,0,1139,1405,1337,0,2,1,5,0,2,511
183900,160,3735,7,5,1999,1999,0,241,691,713,739,3,1,6,0,2,506
122000,190,10120,7,4,1910,1950,0,925,925,964,925,4,2,9,1,1,308
378500,20,13214,9,5,2008,2009,0,2002,2002,2018,0,3,1,10,1,3,746
381000,50,14100,8,9,1935,1997,0,536,728,1968,1479,4,1,11,2,3,1014
144000,50,11344,5,5,1958,1958,0,414,874,874,650,3,1,7,0,1,315
260000,40,23595,7,6,1979,1979,0,74,1332,1332,192,0,1,4,1,2,586
185750,20,9156,6,7,1968,1968,0,1489,1489,1489,0,3,1,7,1,2,462
137000,20,13526,5,6,1965,1965,375,0,935,935,0,3,1,5,0,1,288
177000,80,11512,6,7,1959,2006,0,300,1019,1357,0,2,1,5,1,1,312
139000,50,5362,5,6,1910,2003,0,661,661,661,589,3,1,8,1,2,552
137000,90,11345,5,5,1948,1950,0,708,928,928,992,4,2,10,0,2,400
162000,60,12936,6,6,1972,1972,0,130,723,735,660,3,1,6,1,2,497
197900,80,17871,6,5,1967,1976,0,1152,1680,1724,0,3,1,7,1,2,480
237000,60,9473,8,5,2002,2002,0,324,1128,1128,903,3,1,7,1,2,577
68400,50,7500,4,4,1920,1950,0,698,698,698,430,2,1,6,0,2,528
227000,20,9808,7,5,2002,2002,0,785,1573,1573,0,3,1,6,0,2,544
180000,20,8049,7,5,1990,1990,0,256,1309,1339,0,2,1,6,1,2,484
150500,20,8800,5,7,1977,2008,144,364,1040,1040,0,3,1,5,0,2,484
139000,90,9400,6,5,1971,1971,0,912,912,912,912,4,2,8,0,0,0
169000,50,9638,6,7,1919,1990,0,804,804,1699,748,4,1,10,1,1,336
132500,50,6000,6,6,1939,1950,0,780,780,825,587,4,1,6,1,1,280
143000,20,9790,6,5,1963,1963,81,678,1328,1328,0,3,1,6,2,2,528
190000,20,36500,5,5,1964,1964,0,812,1624,1582,0,4,1,7,0,2,390
278000,120,5664,8,5,2000,2000,0,343,1501,1659,0,2,1,5,1,2,499
281000,60,11065,8,5,2006,2006,0,1085,1085,1120,850,3,1,8,1,3,753
180500,80,14112,5,7,1964,1964,0,138,1152,1152,0,3,1,6,1,2,484
119500,160,1680,5,7,1972,1972,0,399,630,630,672,3,1,6,0,1,264
107500,70,6600,5,4,1892,1965,0,994,994,1378,994,4,2,11,0,1,432
162900,60,10140,7,5,1976,1976,0,638,832,832,832,4,1,8,1,2,528
115000,20,8172,5,7,1955,1990,0,697,864,864,0,2,1,5,0,2,572
138500,20,8400,5,5,1968,1968,0,36,1052,1052,0,3,1,5,0,1,288
155000,20,8700,5,6,1963,1963,0,344,1120,1128,0,3,1,6,0,2,525
140000,180,3675,6,5,2005,2006,0,0,547,1072,0,2,1,5,0,2,525
160000,60,63887,10,5,2008,2008,0,466,6110,4692,950,3,1,12,3,2,1418
154000,20,7500,5,7,1959,1994,906,0,1246,1246,0,3,1,6,0,1,305
225000,60,10762,7,5,1999,1999,0,284,978,1005,978,3,1,9,1,2,490
177500,70,7500,6,7,1942,1950,0,224,771,753,741,3,1,7,2,1,213
290000,60,10120,8,5,1994,1994,0,425,1165,1203,1323,4,1,8,1,3,844
232000,20,8688,7,5,2005,2005,0,1616,1616,1616,0,3,1,7,0,3,834
130000,160,3363,7,5,2004,2004,0,976,976,976,732,3,1,7,0,2,380
325000,20,13173,9,5,2006,2007,0,80,1652,1652,0,2,1,6,2,2,840
202500,120,6955,7,5,2005,2006,0,1368,1368,1368,0,2,1,6,1,2,474
138000,20,8072,5,5,1994,1995,0,244,990,990,0,3,1,5,0,2,480
147000,20,12000,5,7,1948,2005,608,172,924,1122,0,2,1,6,0,2,528
179200,20,7153,6,5,1991,1991,0,78,1278,1294,0,3,1,6,0,2,496
335000,20,17500,7,8,1959,2002,0,496,1902,1902,0,3,1,7,2,2,567
203000,20,8814,7,5,2005,2007,0,349,1274,1274,0,3,1,6,0,2,508
302000,60,9572,8,5,1990,1990,0,971,1453,1453,1357,4,1,9,1,2,750
333168,60,14774,9,5,1999,1999,0,1393,1393,1422,1177,4,1,10,1,3,779
119000,20,8190,4,6,1954,1954,0,216,948,948,0,3,1,5,1,1,280
206900,60,11075,6,5,1969,1969,276,176,952,1092,1020,4,1,9,2,2,576
295493,20,10226,8,5,2008,2008,0,1622,1622,1630,0,3,1,8,1,3,860
208900,120,4230,7,5,2006,2007,0,1352,1352,1352,0,2,1,5,1,2,466
275000,20,14781,8,5,2001,2002,0,1753,1753,1787,0,3,1,7,1,3,748
111000,20,10215,4,5,1954,1954,0,372,864,948,0,3,1,5,0,1,248
156500,20,8400,6,3,1957,1957,661,628,1478,1478,0,3,1,6,2,2,442
72500,20,6627,3,6,1949,1950,0,0,0,720,0,2,1,4,0,1,287
190000,60,10186,7,5,1992,1992,0,76,750,1061,862,3,1,8,1,2,564
82500,30,5330,4,7,1940,1950,0,140,420,708,0,2,1,5,0,0,0
147000,20,9986,8,5,2006,2007,0,1795,1795,1795,0,2,1,7,1,3,895
55000,30,3636,4,4,1922,1950,0,796,796,796,0,2,1,5,0,0,0
79000,30,4270,3,6,1931,2006,0,0,544,774,0,3,1,6,0,0,0
130500,20,6600,5,9,1982,2008,0,175,816,816,0,3,1,5,1,1,264
256000,50,10440,6,7,1920,1950,0,1017,1510,1584,1208,5,1,8,2,2,520
176500,60,9084,7,5,1998,1998,0,935,935,955,677,3,1,8,1,2,462
227000,20,10000,8,5,2006,2006,0,1588,1588,1588,0,3,1,7,1,3,825
132500,80,10780,5,5,1976,1976,0,428,911,954,0,3,1,6,0,2,576
100000,20,8877,4,6,1938,1958,0,126,816,816,0,2,1,3,1,1,288
125500,50,7200,5,6,1938,1995,0,803,803,803,557,2,1,6,0,1,297
125000,160,2368,5,6,1970,1970,0,0,765,765,600,3,1,7,0,2,440
167900,20,9650,6,5,1977,1977,0,664,1350,1334,0,2,1,6,1,2,630
135000,90,9246,5,5,1973,1973,0,1656,1656,1656,0,4,2,8,0,2,506
52500,30,4118,4,4,1941,1950,0,693,693,693,0,2,1,4,0,0,0
200000,60,13450,7,5,2002,2002,0,216,916,920,941,3,1,8,0,2,492
128500,20,9560,5,7,1972,1972,0,504,864,864,0,3,1,5,0,1,288
123000,20,8294,4,5,1971,1971,0,858,858,872,0,3,1,5,0,4,480
155000,20,13695,6,5,2003,2004,0,300,1114,1114,0,3,1,6,0,2,576
228500,60,9375,8,5,2002,2002,0,1284,1284,1284,885,3,1,7,1,2,647
177000,50,7558,6,6,1928,1950,0,896,896,1172,741,3,1,9,1,2,342
155835,60,11103,7,5,2006,2006,0,728,728,728,728,3,1,8,1,2,440
108500,30,6000,4,4,1920,1950,0,710,960,960,0,2,1,5,0,1,308
262500,20,20781,7,7,1968,2003,68,1203,1568,2156,0,3,1,9,1,2,508
283463,20,15306,8,5,2006,2007,0,1652,1732,1776,0,3,1,7,1,3,712
215000,20,16196,7,5,1998,1998,0,39,1482,1494,0,3,1,5,1,2,514
122000,70,5250,8,5,1872,1987,0,425,684,938,1215,4,1,8,0,0,0
200000,90,11643,5,5,1969,1969,0,748,1248,1338,1296,6,2,12,0,4,968
171000,60,9247,6,6,1962,1962,0,539,858,858,858,4,1,8,1,2,490
134900,50,6000,6,9,1937,2000,0,698,698,786,390,2,1,4,0,2,624
410000,50,14720,8,5,1995,1996,0,1217,2033,2053,1185,4,1,9,1,3,666
235000,60,10316,7,5,2000,2000,0,257,992,992,873,3,1,7,1,3,839
170000,80,10192,7,6,1968,1992,0,570,570,1222,698,4,1,8,1,2,487
110000,20,9477,5,5,1966,1966,0,524,864,892,0,3,1,5,0,1,264
149900,20,12537,5,6,1971,2008,0,344,1078,1078,0,3,1,6,1,2,500
177500,160,2117,6,5,2000,2000,0,378,756,769,804,3,1,5,0,2,440
315000,20,16737,9,5,2004,2005,0,533,1980,1980,0,3,1,8,1,3,770
189000,70,9842,5,6,1921,1998,0,612,612,990,1611,4,1,8,0,2,621
260000,20,16158,7,5,2005,2005,0,256,1530,1530,0,3,1,7,1,2,430
104900,50,12513,4,4,1920,2007,0,715,715,1281,457,4,1,7,1,1,368
156932,60,8499,6,5,2006,2007,0,616,616,616,796,3,1,6,1,2,432
144152,160,3180,7,5,2005,2005,0,600,600,520,600,2,1,4,0,2,480
216000,60,7500,7,5,2000,2000,0,281,814,814,860,3,1,7,0,2,663
193000,60,9179,7,5,1999,1999,0,240,873,882,908,3,1,7,0,2,588
127000,160,2665,5,6,1977,1977,173,36,757,925,550,4,1,6,1,1,336
144000,120,4435,6,5,2003,2004,0,163,848,848,0,1,1,4,0,2,420
232000,20,10635,8,5,2003,2003,972,315,1657,1668,0,3,1,8,1,2,502
105000,50,5400,4,6,1920,1950,105,420,840,840,534,2,1,6,0,1,338
165500,80,9600,6,6,1955,1996,0,161,992,1661,0,3,1,8,1,1,377
274300,60,9750,7,6,1998,1998,0,133,1108,1108,989,3,1,8,1,2,583
466500,20,11400,10,5,2001,2002,0,1351,2633,2633,0,2,1,8,2,3,804
250000,60,10625,7,5,2005,2005,0,1026,1026,1026,932,3,1,9,1,3,936
239000,20,10991,8,5,2007,2007,0,1571,1571,1571,0,3,1,7,1,3,722
91000,30,6292,6,5,1930,1950,0,384,768,790,0,2,1,4,0,1,160
117000,50,10998,5,5,1941,1960,420,156,984,984,620,3,1,6,0,2,660
83000,160,1953,6,5,1973,1973,0,174,483,483,504,2,1,5,0,1,264
167500,80,9735,5,5,2006,2007,0,384,384,754,640,3,1,7,0,2,400
58500,30,8212,3,3,1914,1950,0,661,864,864,0,2,1,5,0,1,200
237500,20,12925,6,7,1970,1970,0,340,1205,2117,0,4,1,7,2,2,550
157000,70,7200,7,7,1920,1950,0,596,596,998,764,4,1,8,0,2,576
112000,30,25339,5,7,1918,2007,0,816,816,1416,0,3,1,7,0,2,576
105000,50,9060,6,5,1939,1950,0,356,560,698,560,2,1,6,0,1,280
125500,50,5436,4,8,1922,2007,0,61,796,796,358,3,1,7,0,1,240
250000,60,16692,7,5,1978,1978,469,133,1392,1392,1392,5,1,12,2,2,564
136000,50,8520,6,7,1916,1950,546,0,714,1664,862,5,1,10,1,1,216
377500,20,14892,9,5,2006,2007,0,426,1746,1746,0,3,1,7,2,3,758
131000,50,6000,6,6,1941,1950,0,360,735,869,349,3,1,6,1,2,440
235000,20,9100,7,5,2000,2000,0,125,1525,1525,0,3,1,6,0,2,541
124000,90,8944,5,5,1967,1967,0,1584,1584,1584,0,4,2,8,0,3,792
123000,85,7838,5,5,1967,1967,0,95,864,900,0,3,1,6,1,1,288
163000,190,10800,6,7,1905,2000,0,482,482,1221,691,3,2,7,1,2,672
246578,120,4045,7,5,2006,2006,0,286,1356,1500,0,2,1,6,1,3,648
281213,60,12665,8,5,2005,2006,0,1094,1094,1133,1349,4,1,9,1,3,642
160000,20,57200,5,5,1948,1950,334,60,747,1687,0,3,1,7,2,2,572
137500,70,6120,5,8,1920,2004,0,939,939,939,574,4,1,8,0,1,180
138000,50,7200,5,4,1950,1982,352,676,1208,1136,768,3,1,7,0,1,240
137450,50,6171,6,6,1925,1990,0,712,976,1160,448,3,1,7,1,1,216
120000,50,6000,6,7,1929,1950,0,862,862,950,208,3,1,5,1,1,208
193000,60,7415,6,5,2004,2004,0,80,839,864,729,3,1,8,1,2,398
193879,20,6762,7,5,2006,2006,0,1286,1286,1294,0,2,1,6,1,2,662
282922,20,15256,8,5,2007,2007,0,556,1485,1464,0,3,1,6,0,3,754
105000,50,10410,3,4,1915,1950,0,672,672,694,520,3,1,6,0,3,936
275000,120,3842,8,5,2004,2005,0,221,1594,1646,0,2,1,5,1,2,482
133000,85,8445,5,7,1972,2007,0,112,768,768,0,2,1,5,0,2,396
112000,20,8780,5,5,1985,1985,0,208,833,833,0,3,1,5,0,0,0
125500,70,7740,4,7,1910,1950,0,622,622,741,622,3,1,6,0,2,528
215000,60,20544,7,6,1986,1991,0,791,791,1236,857,3,1,7,1,2,542
230000,60,12420,7,5,2001,2001,0,278,944,944,896,3,1,6,0,2,622
140000,50,9600,6,8,1950,2005,0,736,856,1112,556,3,1,6,0,1,271
90000,90,7200,4,5,1949,1950,0,0,0,1040,0,2,2,6,0,2,420
257000,20,10994,8,5,2005,2006,0,868,1844,1844,0,2,1,7,1,2,620
207000,50,13053,6,7,1923,2000,0,833,833,1053,795,4,1,8,1,2,370
175900,120,3635,7,5,2007,2007,0,398,1386,1569,0,1,1,7,1,3,660
122500,190,11340,4,6,1885,1950,0,777,777,1246,1044,4,2,11,0,2,560
340000,60,16545,8,5,1998,1998,0,503,1284,1310,1140,3,1,7,1,3,1069
124000,20,9204,5,5,1963,1963,872,247,1144,1144,0,3,1,6,0,1,336
223000,20,16381,6,5,1969,1969,0,734,1844,1844,0,3,1,7,1,2,540
179900,60,11700,6,6,1968,1968,0,304,708,708,708,3,1,7,1,2,776
127500,120,4043,6,5,1977,1977,0,709,1069,1069,0,2,1,4,1,2,440
136500,120,4435,6,5,2003,2003,0,162,848,848,0,1,1,3,0,2,420
274970,80,19690,6,7,1966,1966,0,697,697,1575,626,4,1,8,1,2,432
144000,20,9503,5,5,1958,1983,374,193,1024,1344,0,2,1,6,1,1,484
142000,20,10721,6,6,1959,1959,0,1252,1252,1252,0,3,1,7,0,2,528
271000,60,10944,7,5,1994,1994,0,223,1223,1223,904,3,1,5,2,2,525
140000,50,10930,5,6,1945,1950,0,333,913,1048,510,3,1,6,1,1,288
119000,30,7200,5,7,1940,1992,0,278,788,804,0,2,1,4,2,1,240
182900,20,12546,6,7,1981,1981,0,762,1440,1440,0,3,1,7,1,2,467
192140,60,21930,5,5,2005,2005,0,732,732,734,1104,4,1,7,1,2,372
143750,120,4928,6,6,1976,1976,0,0,958,958,0,2,1,5,0,2,440
64500,30,10800,4,6,1927,2007,0,656,656,968,0,4,1,5,0,1,216
186500,60,10261,6,5,2000,2000,0,936,936,962,830,3,1,8,1,2,451
160000,20,17400,5,5,1977,1977,0,190,1126,1126,0,3,1,5,1,2,484
174000,20,8400,6,9,1962,2005,0,1319,1319,1537,0,3,1,7,1,2,462
120500,20,9000,4,6,1971,1971,0,248,864,864,0,3,1,5,0,2,528
394617,20,12444,8,5,2008,2008,0,596,1932,1932,0,2,1,7,1,3,774
149700,20,7407,6,7,1957,1996,0,312,912,1236,0,2,1,6,0,2,923
197000,60,11584,7,6,1979,1979,110,114,539,1040,685,3,1,6,1,2,550
191000,70,11526,6,7,1922,1994,0,588,588,1423,748,3,1,11,1,2,672
149300,120,4426,6,5,2004,2004,0,151,848,848,0,1,1,3,1,2,420
310000,60,11003,10,5,2008,2008,0,252,1017,1026,981,3,1,10,1,3,812
121000,30,8854,6,6,1916,1950,0,952,952,952,0,2,1,4,1,1,192
179600,20,8500,7,5,2004,2004,0,1422,1422,1422,0,3,1,7,0,2,626
129000,85,8400,6,5,1966,1966,627,0,814,913,0,3,1,6,0,1,240
157900,20,26142,5,7,1962,1962,0,595,1188,1188,0,3,1,6,0,1,312
240000,60,10000,8,5,1995,1996,0,141,1220,1220,870,3,1,8,1,2,556
112000,50,11767,4,7,1910,2000,0,560,560,796,550,2,1,6,0,1,384